ZEIT;RAUMID;BEZ;PGR;BZR;PLR;STADTRAUM;E_E;E_EM;E_EW;E_E00_01;E_E01_02;E_E02_03;E_E03_05;E_E05_06;E_E06_07;E_E07_08;E_E08_10;E_E10_12;E_E12_14;E_E14_15;E_E15_18;E_E18_21;E_E21_25;E_E25_27;E_E27_30;E_E30_35;E_E35_40;E_E40_45;E_E45_50;E_E50_55;E_E55_60;E_E60_63;E_E63_65;E_E65_67;E_E67_70;E_E70_75;E_E75_80;E_E80_85;E_E85_90;E_E90_95;E_E95_110;E_U1;E_1U6;E_6U15;E_15U18;E_18U25;E_25U55;E_55U65;E_65U80;E_80U110
201206;01011101;01;01;11;01;1;2826;1447;1379;25;18;15;18;7;12;0;31;6;27;10;26;89;192;119;168;254;142;195;172;204;205;162;75;66;122;217;103;98;25;17;6;25;58;86;26;281;1254;442;508;146
201206;01011102;01;01;11;02;1;0;0;0;0;0;0;0;0;0;0;0;0;0;0;0;0;0;0;0;0;0;0;0;0;0;0;0;0;0;0;0;0;0;0;0;0;0;0;0;0;0;0;0;0
201206;01011103;01;01;11;03;1;4791;2620;2171;43;39;34;84;39;42;39;71;101;61;38;83;155;314;177;262;418;321;305;418;407;340;186;125;113;138;195;123;55;47;9;9;43;196;352;83;469;2308;651;569;120
201206;01011104;01;01;11;04;1;3848;2052;1796;41;24;50;87;37;40;44;69;76;89;22;116;175;397;235;312;390;287;263;317;240;154;71;51;49;61;50;55;37;6;3;0;41;198;340;116;572;2044;276;215;46
201206;01011105;01;01;11;05;1;957;527;430;7;9;3;19;3;3;6;4;9;6;14;21;14;30;30;69;87;41;134;95;100;85;42;18;6;15;40;18;17;12;0;0;7;34;42;21;44;556;145;79;29
201206;01011201;01;01;12;01;1;2131;1112;1019;15;29;18;34;18;9;3;30;49;22;24;33;50;133;59;111;142;149;160;201;162;193;84;45;39;80;106;62;52;19;0;0;15;99;137;33;183;984;322;287;71
201206;01011202;01;01;12;02;1;483;260;223;4;9;3;9;3;3;4;6;6;0;7;15;10;22;12;19;36;48;31;64;53;39;13;3;15;9;25;12;3;0;0;0;4;24;26;15;32;263;55;61;3
201206;01011203;01;01;12;03;1;822;422;400;3;3;3;9;4;3;6;12;3;9;3;13;21;33;13;54;79;55;99;63;73;61;37;18;13;37;42;29;12;12;0;0;3;19;36;13;54;436;116;121;24
201206;01011204;01;01;12;04;1;5731;2862;2869;34;32;31;60;34;40;45;46;50;48;25;94;101;321;167;255;424;385;454;476;445;391;249;159;153;239;425;281;163;77;24;3;34;157;254;94;422;2606;799;1098;267
201206;01011301;01;01;13;01;1;4855;2524;2331;66;66;49;86;39;31;33;41;46;29;16;44;59;232;218;393;706;570;482;443;280;288;147;57;64;107;132;67;31;21;12;0;66;240;196;44;291;3092;492;370;64
201206;01011302;01;01;13;02;1;11970;6104;5866;138;138;120;261;118;116;117;222;191;162;77;178;217;607;502;833;1502;1388;1395;1229;766;500;243;127;106;146;248;168;77;46;29;3;138;637;885;178;824;7615;870;668;155
201206;01011303;01;01;13;03;1;8118;4187;3931;68;71;67;118;37;43;41;64;59;57;25;99;149;563;353;573;836;727;679;635;506;453;231;102;117;248;489;354;210;101;37;6;68;293;289;99;712;4309;786;1208;354
201206;01011304;01;01;13;04;1;8200;3822;4378;53;62;56;105;57;45;52;113;88;89;44;132;157;461;266;342;513;358;450;481;488;482;253;134;153;373;837;723;491;252;81;9;53;280;431;132;618;2898;869;2086;833
201206;01011305;01;01;13;05;1;6295;3127;3168;40;44;35;84;24;32;33;55;54;66;25;57;106;380;242;329;502;423;376;409;422;329;201;104;80;239;614;549;310;116;12;3;40;187;265;57;486;2703;634;1482;441
201206;01011306;01;01;13;06;1;7755;3940;3815;86;64;56;98;56;50;37;78;70;64;45;105;129;404;293;497;792;581;628;705;570;484;231;128;119;249;526;355;182;43;23;7;86;274;344;105;533;4066;843;1249;255
201206;01011401;01;01;14;01;1;13769;7055;6714;168;186;170;329;123;125;125;233;155;152;57;164;209;697;614;1066;2105;1809;1649;1229;722;499;234;104;73;163;247;156;110;62;27;7;168;808;847;164;906;9194;837;639;206
201206;01011402;01;01;14;02;1;11798;5942;5856;190;182;191;326;143;113;96;143;126;94;47;108;141;526;492;1012;1947;1742;1481;959;489;333;171;84;78;127;176;121;69;54;25;12;190;842;619;108;667;8122;588;502;160
201206;01022101;01;02;21;01;1;3108;1738;1370;28;33;29;39;9;18;15;34;35;44;25;59;94;364;208;251;318;245;232;254;222;158;83;50;36;43;105;31;34;12;0;0;28;110;171;59;458;1730;291;215;46
201206;01022102;01;02;21;02;1;5840;3195;2645;49;61;43;112;51;45;45;88;84;98;36;112;214;596;371;463;596;450;395;468;384;297;147;110;98;88;142;106;52;27;9;3;49;267;396;112;810;3127;554;434;91
201206;01022103;01;02;21;03;1;207;114;93;0;3;3;12;0;6;3;9;0;3;3;0;12;18;3;10;27;16;15;22;9;18;3;0;3;3;0;3;0;0;3;0;0;18;24;0;30;102;21;9;3
201206;01022104;01;02;21;04;1;16983;8812;8171;197;181;156;300;140;126;127;241;248;212;111;350;473;1431;838;1271;1792;1238;1190;1400;1159;1046;529;363;240;406;536;353;194;84;37;14;197;777;1065;350;1904;8888;1938;1535;329
201206;01022105;01;02;21;05;1;4873;2585;2288;50;46;62;93;40;44;37;83;72;92;57;140;155;453;281;354;487;333;354;361;313;256;130;83;60;95;160;85;39;36;19;3;50;241;385;140;608;2483;469;400;97
201206;01022106;01;02;21;06;1;10877;5323;5554;80;126;93;189;83;76;81;143;124;183;101;226;281;560;394;575;895;744;849;1020;909;751;463;232;173;321;522;304;186;107;77;9;80;491;708;226;841;5386;1446;1320;379
201206;01022201;01;02;22;01;1;9900;5257;4643;105;72;106;170;77;71;69;128;130;173;92;204;334;1004;638;794;1074;759;736;823;579;484;268;137;134;126;298;172;84;34;22;3;105;425;663;204;1338;5403;889;730;143
201206;01022202;01;02;22;02;1;1467;720;747;31;12;15;35;28;19;28;39;44;40;10;64;69;105;60;78;124;87;118;104;84;50;36;27;12;47;47;39;9;3;3;0;31;90;180;64;174;655;113;145;15
201206;01022203;01;02;22;03;1;6476;3273;3203;55;78;62;154;60;71;92;126;108;116;47;205;250;509;265;394;552;463;447;452;394;309;218;106;120;153;264;191;104;71;22;18;55;354;560;205;759;2967;633;728;215
201206;01022204;01;02;22;04;1;5605;2795;2810;51;45;40;102;37;45;38;71;73;56;45;98;148;318;168;325;540;392;434;499;456;345;186;124;124;181;289;196;107;54;18;0;51;224;328;98;466;2814;655;790;179
201206;01022205;01;02;22;05;1;3042;1537;1505;27;30;33;55;32;34;38;62;71;73;31;84;119;185;102;123;220;181;175;223;207;203;117;78;62;82;178;97;68;36;13;3;27;150;309;84;304;1231;398;419;120
201206;01022206;01;02;22;06;1;3011;1598;1413;42;31;23;49;33;25;24;56;39;34;13;45;56;197;101;157;308;283;278;246;234;190;82;48;46;76;123;84;55;24;6;3;42;136;191;45;253;1607;320;329;88
201206;01022207;01;02;22;07;1;5329;2697;2632;34;26;37;79;9;29;39;56;64;70;22;70;157;450;245;271;346;296;385;404;350;309;239;128;126;220;300;272;151;104;31;10;34;151;280;70;607;2297;676;918;296
201206;01033101;01;03;31;01;1;24135;12612;11523;346;317;287;636;294;232;263;494;476;490;242;719;949;2118;1161;1558;2291;1697;1755;1738;1469;1114;609;286;271;478;815;549;234;163;66;18;346;1534;2197;719;3067;11669;2009;2113;481
201206;01033102;01;03;31;02;1;10913;5615;5298;138;116;130;265;109;92;118;207;216;212;116;338;398;886;520;723;1084;853;895;802;586;480;272;168;154;230;368;214;142;60;18;3;138;620;961;338;1284;5463;920;966;223
201206;01033201;01;03;32;01;1;12773;6349;6424;153;211;191;384;182;181;189;322;315;325;159;437;493;867;473;628;1068;951;853;867;762;570;349;208;152;280;472;346;220;114;45;6;153;968;1491;437;1360;5602;1127;1250;385
201206;01033202;01;03;32;02;1;9505;4631;4874;103;114;113;236;101;81;102;157;156;153;78;259;313;576;342;451;792;692;612;747;603;457;368;173;162;267;495;356;233;137;43;33;103;564;727;259;889;4239;998;1280;446
201206;01033203;01;03;32;03;1;13012;6883;6129;175;151;175;313;147;143;150;285;293;259;136;348;541;1063;545;826;1272;1002;957;958;764;584;350;182;167;265;435;268;150;71;30;7;175;786;1266;348;1604;6324;1116;1135;258
201206;01044101;01;04;41;01;1;18911;9749;9162;162;161;165;340;153;159;129;257;279;265;117;413;519;1520;785;1064;1601;1253;1404;1643;1506;1098;592;356;330;562;968;581;315;169;42;3;162;819;1206;413;2039;9256;2046;2441;529
201206;01044102;01;04;41;02;1;14957;7143;7814;129;147;107;215;100;114;95;191;174;145;97;287;398;902;485;693;958;849;995;1187;1037;923;597;358;276;559;1020;777;538;366;189;49;129;569;816;287;1300;6204;1878;2632;1142
201206;01044103;01;04;41;03;1;7578;4054;3524;54;82;62;133;58;46;67;121;99;96;39;142;241;682;442;560;846;596;569;654;503;424;231;131;72;125;238;137;66;40;10;12;54;335;468;142;923;4170;786;572;128
201206;01044201;01;04;42;01;1;21843;11518;10325;296;261;281;550;232;254;239;430;487;484;258;687;945;2084;984;1326;1955;1645;1575;1596;1263;914;501;328;248;448;703;422;257;126;53;11;296;1324;2152;687;3029;10344;1743;1821;447
201206;01044202;01;04;42;02;1;15482;8436;7046;163;147;170;280;128;112;96;231;204;212;90;364;599;1611;1093;1496;1959;1151;1041;1137;885;710;362;200;146;198;320;186;98;51;42;0;163;725;945;364;2210;8762;1272;850;191
201206;01044203;01;04;42;03;1;15211;8041;7170;151;156;160;269;152;118;131;270;239;245;99;326;499;1381;763;1051;1435;1178;1011;1138;874;739;420;229;243;352;566;416;267;174;117;42;151;737;1102;326;1880;7450;1388;1577;600
201206;02010101;02;01;01;01;1;6067;3270;2797;69;54;70;128;49;55;65;114;129;130;63;205;278;613;327;433;552;478;466;428;373;274;144;110;77;97;133;67;51;22;6;7;69;301;556;205;891;3057;528;374;86
201206;02010102;02;01;01;02;1;12689;6338;6351;143;175;159;295;205;166;136;340;288;302;148;446;453;841;439;693;1004;914;950;966;787;626;364;215;172;272;492;340;191;121;37;9;143;834;1380;446;1294;5753;1205;1276;358
201206;02010103;02;01;01;03;1;15232;7635;7597;167;196;200;400;207;187;192;345;325;381;186;505;554;900;468;706;1296;1233;1166;1207;923;735;404;244;218;342;610;465;247;149;50;24;167;1003;1616;505;1454;6999;1383;1635;470
201206;02010104;02;01;01;04;1;4966;2420;2546;52;77;79;134;69;61;39;123;122;130;63;200;189;330;183;242;402;336;389;406;354;252;158;66;78;100;140;103;50;18;18;3;52;359;538;200;519;2312;476;421;89
201206;02020201;02;02;02;01;1;267;144;123;3;3;0;6;0;6;6;6;3;0;0;3;9;15;19;18;41;20;18;23;16;9;3;12;3;3;13;3;6;0;0;0;3;9;21;3;24;155;24;22;6
201206;02020202;02;02;02;02;1;5561;2847;2714;60;56;54;107;61;36;39;92;79;93;49;135;148;393;225;380;541;514;466;519;421;324;195;92;57;117;149;82;37;28;12;0;60;278;388;135;541;3066;611;405;77
201206;02020203;02;02;02;03;1;10047;5093;4954;105;107;101;218;75;112;84;123;142;99;68;174;236;549;380;629;1195;965;878;932;792;592;327;180;134;199;301;163;104;57;26;0;105;501;628;174;785;5771;1099;797;187
201206;02020204;02;02;02;04;1;11888;6033;5855;132;129;113;208;80;109;88;145;168;168;91;280;282;632;540;894;1438;1121;944;1156;940;678;317;193;152;214;277;185;121;59;31;3;132;530;769;280;914;7033;1188;828;214
201206;02020205;02;02;02;05;1;14613;7380;7233;143;158;137;251;162;113;149;247;227;243;109;354;337;726;530;981;1675;1391;1343;1527;1242;873;393;216;177;250;340;182;80;33;21;3;143;708;1088;354;1063;8689;1482;949;137
201206;02020206;02;02;02;06;1;18541;9321;9220;226;235;207;406;164;132;144;293;289;353;125;369;470;962;751;1329;2527;1805;1572;1652;1327;1026;455;266;165;271;461;265;136;96;41;21;226;1012;1336;369;1432;10963;1747;1162;294
201206;02030301;02;03;03;01;1;9182;4783;4399;70;81;97;174;103;86;84;173;172;173;88;250;315;565;361;649;1043;837;734;890;620;420;260;140;134;200;245;141;46;9;19;3;70;455;776;250;880;5134;820;720;77
201206;02030302;02;03;03;02;1;13156;6872;6284;124;144;123;281;124;113;112;214;242;239;142;358;315;731;557;842;1605;1310;1141;1160;888;655;337;181;180;250;355;242;126;48;10;7;124;672;1062;358;1046;7503;1173;1027;191
201206;02030401;02;03;04;01;1;14875;7661;7214;158;151;149;283;123;115;110;242;206;204;121;280;291;767;594;1156;2287;1679;1320;1277;1007;710;373;206;135;220;328;216;104;38;25;0;158;706;998;280;1058;9320;1289;899;167
201206;02030402;02;03;04;02;1;11224;5743;5481;133;139;110;207;91;78;48;141;167;181;75;184;269;674;521;937;1724;1306;991;915;691;517;234;113;127;191;263;113;53;16;9;6;133;547;690;184;943;7085;864;694;84
201206;02040501;02;04;05;01;1;5342;2548;2794;40;55;37;92;38;49;42;59;60;40;21;101;86;244;122;186;322;252;301;376;367;319;191;109;98;273;588;412;285;110;52;15;40;222;271;101;330;1926;619;1371;462
201206;02040502;02;04;05;02;1;6787;3243;3544;77;44;52;118;46;43;38;83;69;67;24;88;118;492;331;532;719;504;421;467;442;325;163;108;93;221;383;306;235;129;46;3;77;260;324;88;610;3416;596;1003;413
201206;02040503;02;04;05;03;1;10131;5091;5040;119;128;104;203;94;56;63;97;90;77;33;117;145;733;580;897;1634;976;815;666;552;381;178;80;65;196;329;265;242;129;74;13;119;529;416;117;878;6120;639;855;458
201206;02040701;02;04;07;01;1;12139;5814;6325;105;93;94;190;92;86;61;125;136;111;62;170;261;1065;648;892;1073;701;672;704;648;572;328;168;143;443;874;708;513;272;104;25;105;469;581;170;1326;5338;1068;2168;914
201206;02040702;02;04;07;02;1;10256;5221;5035;107;116;100;168;87;69;58;113;103;71;50;87;135;710;616;904;1481;1033;882;811;527;404;216;94;92;241;436;263;179;72;25;6;107;471;464;87;845;6254;714;1032;282
201206;02040703;02;04;07;03;1;546;288;258;3;6;12;15;3;6;6;6;12;12;3;18;21;78;35;54;91;34;27;25;35;25;7;6;3;0;0;3;0;0;0;0;3;36;45;18;99;301;38;6;0
201206;02050601;02;05;06;01;1;8493;4506;3987;99;103;118;110;65;34;28;74;67;61;34;59;119;813;663;1126;1666;860;642;499;343;245;114;43;33;93;177;112;55;28;6;4;99;396;298;59;932;5799;402;415;93
201206;02050602;02;05;06;02;1;18670;9643;9027;257;207;228;400;172;178;167;236;230;179;74;198;280;1412;1275;2053;3385;2241;1650;1227;806;562;225;135;72;144;228;159;145;80;40;25;257;1007;1064;198;1692;12637;922;603;290
201206;02050801;02;05;08;01;1;18047;9278;8769;251;220;192;356;140;144;130;216;193;164;82;203;260;1500;1313;2253;3419;2091;1414;1071;744;522;207;127;80;151;276;142;102;65;6;13;251;908;929;203;1760;12305;856;649;186
201206;02050802;02;05;08;02;1;18817;9855;8962;234;229;202;336;131;129;98;183;159;172;41;146;236;1460;1350;2418;3969;2433;1696;1160;678;392;152;75;71;155;197;160;76;45;28;6;234;898;782;146;1696;13704;619;583;155
201206;02050803;02;05;08;03;1;6316;3270;3046;76;62;79;99;45;23;41;57;44;58;21;67;127;606;470;750;1065;623;420;365;316;229;110;39;42;89;135;132;81;22;19;4;76;285;244;67;733;4009;378;398;126
201206;02050804;02;05;08;04;1;3017;1497;1520;42;59;47;98;45;37;44;74;79;38;28;40;27;43;43;110;318;348;368;302;188;122;99;36;19;61;115;71;50;33;30;3;42;249;300;40;70;1677;257;266;116
201206;03010101;03;01;01;01;2;2886;1479;1407;21;25;36;54;26;21;18;51;31;51;18;68;66;142;68;114;209;165;217;295;240;228;92;63;43;89;179;123;76;36;21;0;21;141;190;68;208;1308;383;434;133
201206;03010102;03;01;01;02;2;9959;4668;5291;79;85;114;163;93;71;106;167;175;143;61;193;192;478;269;429;613;465;556;698;687;686;456;222;189;467;863;536;359;204;106;34;79;455;723;193;670;3717;1364;2055;703
201206;03010104;03;01;01;04;2;0;0;0;0;0;0;0;0;0;0;0;0;0;0;0;0;0;0;0;0;0;0;0;0;0;0;0;0;0;0;0;0;0;0;0;0;0;0;0;0;0;0;0;0
201206;03020203;03;02;02;03;2;1919;973;946;9;16;15;21;15;16;10;28;37;23;18;33;34;53;24;42;85;101;143;212;186;159;116;49;30;72;179;101;58;25;9;0;9;67;132;33;87;793;324;382;92
201206;03020209;03;02;02;09;2;13332;6402;6930;128;162;140;369;146;144;165;278;259;224;121;288;278;555;322;465;938;963;1336;1403;1014;784;450;236;196;385;662;425;270;160;51;15;128;817;1191;288;833;6441;1470;1668;496
201206;03020210;03;02;02;10;2;10067;4970;5097;98;125;113;216;103;101;103;189;188;186;104;207;164;400;233;417;782;728;967;1038;801;649;353;180;124;298;518;339;213;91;27;12;98;557;871;207;564;4966;1182;1279;343
201206;03020307;03;02;03;07;2;16782;8231;8551;148;166;183;369;150;198;174;304;362;402;178;474;390;614;388;550;1111;1027;1485;1805;1507;1137;574;298;233;492;920;629;330;127;48;9;148;868;1618;474;1004;7873;2009;2274;514
201206;03030405;03;03;04;05;2;10662;5051;5611;136;142;143;279;133;147;95;213;223;211;107;251;205;545;398;600;915;706;796;890;731;522;336;140;121;291;517;437;308;90;28;6;136;697;996;251;750;5036;998;1366;432
201206;03030406;03;03;04;06;2;8031;3955;4076;39;61;54;126;57;75;57;139;182;165;57;257;187;314;130;155;386;395;662;943;831;670;354;175;137;314;523;323;157;79;24;3;39;298;675;257;501;3502;1199;1297;263
201206;03030711;03;03;07;11;2;6502;3232;3270;33;35;28;101;55;51;66;91;124;124;66;159;147;227;87;126;291;329;555;756;632;534;322;143;118;270;419;280;160;118;40;15;33;219;522;159;374;2776;999;1087;333
201206;03030715;03;03;07;15;2;6497;3256;3241;48;34;44;88;43;55;51;87;122;108;65;158;130;305;146;191;315;307;569;776;635;518;277;167;110;224;384;267;144;89;33;7;48;209;488;158;435;2939;962;985;273
201206;03030716;03;03;07;16;2;1127;555;572;3;3;9;16;6;6;6;18;9;16;3;21;20;22;14;18;37;47;74;127;109;93;52;37;24;61;115;95;46;13;7;0;3;34;58;21;42;426;182;295;66
201206;03040508;03;04;05;08;2;4495;2265;2230;32;34;32;104;51;39;57;94;119;126;54;186;126;168;78;87;215;277;481;516;405;290;148;66;64;156;235;127;86;27;12;3;32;221;489;186;294;2059;504;582;128
201206;03040512;03;04;05;12;2;9353;4507;4846;73;95;87;172;85;84;84;180;193;182;97;169;201;350;181;262;527;607;859;993;702;593;313;208;152;366;701;462;217;113;42;3;73;439;820;169;551;4131;1114;1681;375
201206;03040513;03;04;05;13;2;3281;1578;1703;36;30;39;76;46;41;34;72;67;81;31;102;85;126;53;83;177;204;334;294;284;177;103;55;54;94;161;137;90;81;25;9;36;191;326;102;211;1429;335;446;205
201206;03040614;03;04;06;14;2;32447;15143;17304;394;389;448;850;374;356;338;614;575;476;213;604;552;1377;852;1452;2892;2564;2934;2828;2012;1546;770;446;370;874;1976;1557;981;514;256;63;394;2061;2572;604;1929;15534;2762;4777;1814
201206;03040818;03;04;08;18;2;31833;15037;16796;331;354;325;682;272;217;241;471;419;401;179;481;522;1554;1122;1935;3357;2561;2713;2571;2086;1654;874;473;425;816;1786;1487;847;462;179;36;331;1633;1928;481;2076;16345;3001;4514;1524
201206;03050919;03;05;09;19;2;4873;2295;2578;43;37;46;80;34;18;24;56;65;55;26;67;84;189;160;263;451;298;364;471;360;287;149;84;84;188;380;277;104;90;33;6;43;197;244;67;273;2367;520;929;233
201206;03050920;03;05;09;20;2;6389;3070;3319;71;67;65;130;75;52;64;105;79;70;23;117;96;307;177;329;546;447;514;556;423;318;158;101;73;198;437;359;196;131;80;25;71;337;393;117;403;2992;577;1067;432
201206;03050923;03;05;09;23;2;8103;4185;3918;92;92;102;173;87;63;65;111;75;81;44;134;135;509;409;678;1000;737;738;754;532;354;184;98;90;145;246;176;108;70;18;3;92;454;439;134;644;4848;636;657;199
201206;03050924;03;05;09;24;2;5346;2745;2601;81;84;49;141;43;54;56;90;63;88;34;92;104;398;235;389;676;462;490;468;342;242;122;63;28;85;154;92;72;43;3;3;81;317;385;92;502;3062;427;359;121
201206;03050925;03;05;09;25;2;8234;3971;4263;96;108;129;207;107;74;87;163;164;137;47;179;141;429;253;495;850;688;813;783;479;369;175;76;67;129;354;351;180;78;23;3;96;551;672;179;570;4361;620;901;284
201206;03051017;03;05;10;17;2;4073;2085;1988;33;36;39;73;37;24;45;46;55;64;28;72;112;249;157;224;350;272;383;436;379;255;143;59;50;91;173;95;55;25;13;0;33;185;262;72;361;2201;457;409;93
201206;03051021;03;05;10;21;2;6412;3003;3409;44;62;44;91;40;45;34;87;69;67;26;85;103;339;233;343;429;339;401;465;403;268;211;134;93;291;756;461;262;115;56;16;44;237;328;85;442;2613;613;1601;449
201206;03051022;03;05;10;22;2;4518;2023;2495;50;30;50;105;33;39;37;78;57;78;28;103;90;247;116;175;304;222;316;394;334;264;114;89;55;155;380;263;155;99;36;22;50;218;317;103;337;1861;467;853;312
201206;03061126;03;06;11;26;1;14040;7216;6824;150;186;173;291;137;115;98;175;169;137;30;159;205;939;704;1284;2341;1724;1481;1076;586;469;233;120;100;191;290;186;129;67;57;38;150;787;724;159;1144;9196;822;767;291
201206;03061131;03;06;11;31;1;9581;4944;4637;122;130;141;235;118;99;72;122;87;80;45;73;145;586;396;756;1538;1462;1241;770;420;282;124;85;54;80;135;98;46;27;12;0;122;624;505;73;731;6583;491;367;85
201206;03061227;03;06;12;27;1;13851;6718;7133;172;176;163;315;113;84;107;191;127;112;56;131;168;850;747;1185;2092;1599;1363;1067;599;493;282;132;130;272;382;366;186;129;50;12;172;767;677;131;1018;8652;907;1150;377
201206;03061228;03;06;12;28;1;11960;5831;6129;95;123;94;169;73;60;61;101;102;100;24;130;188;847;667;1036;1592;961;872;890;619;544;245;149;136;301;703;489;299;178;90;22;95;459;448;130;1035;6637;938;1629;589
201206;03061332;03;06;13;32;1;21205;10767;10438;374;315;315;583;257;247;219;371;319;245;83;257;248;920;848;1605;3317;3152;2962;1972;913;557;248;110;72;153;217;143;70;69;38;6;374;1470;1484;257;1168;14769;915;585;183
201206;03061429;03;06;14;29;1;10090;4669;5421;56;59;58;123;55;46;49;102;66;98;50;120;151;456;279;349;506;456;529;619;567;478;462;308;244;591;1323;922;481;291;137;59;56;295;411;120;607;3305;1248;3080;968
201206;03061430;03;06;14;30;1;2893;1390;1503;22;15;28;44;20;15;15;35;29;32;16;46;52;128;69;125;182;125;196;251;205;168;88;62;52;114;300;258;150;41;7;3;22;107;142;46;180;1153;318;724;201
201206;03061434;03;06;14;34;1;5747;2863;2884;73;80;66;117;37;28;39;49;61;51;21;50;61;393;327;582;945;597;521;437;290;233;105;57;54;73;139;119;85;33;21;3;73;300;249;50;454;3699;395;385;142
201206;03061435;03;06;14;35;1;3831;1923;1908;42;41;28;81;29;25;21;55;51;38;16;52;74;257;197;314;512;338;328;302;223;154;84;48;46;80;142;109;92;30;16;6;42;179;206;52;331;2214;286;377;144
201206;03061441;03;06;14;41;1;1731;853;878;33;42;52;87;45;29;30;36;35;31;9;29;13;42;35;90;201;231;213;104;76;62;27;12;12;15;42;39;34;21;4;0;33;226;170;29;55;950;101;108;59
201206;03071536;03;07;15;36;1;10165;5272;4893;165;144;156;288;133;107;97;190;143;127;45;143;132;428;365;686;1523;1479;1446;1017;511;242;120;60;33;84;119;72;49;40;12;9;165;721;709;143;560;7027;422;308;110
201206;03071537;03;07;15;37;1;14072;7142;6930;205;212;189;331;156;176;166;272;232;176;90;226;165;604;483;919;1771;1889;1904;1451;817;525;222;131;110;166;235;139;79;19;12;0;205;888;1112;226;769;9234;878;650;110
201206;03071633;03;07;16;33;1;2636;1286;1350;22;22;18;41;3;31;22;32;49;38;17;71;52;145;69;122;183;175;185;180;221;245;121;70;28;105;139;93;82;40;12;3;22;84;189;71;197;1135;436;365;137
201206;03071638;03;07;16;38;1;16266;8207;8059;242;243;238;447;218;179;151;270;248;215;80;213;270;840;621;1201;2249;2085;2067;1397;824;505;274;94;119;192;389;248;89;42;13;3;242;1146;1143;213;1110;10444;873;948;147
201206;03071639;03;07;16;39;1;11906;5875;6031;184;173;185;393;190;157;188;237;183;161;50;173;161;505;412;672;1411;1495;1624;1145;614;428;175;93;77;169;274;136;124;69;36;12;184;941;976;173;666;7373;696;656;241
201206;04010101;04;01;01;01;2;9963;4685;5278;87;100;72;189;94;56;68;154;140;115;66;200;240;434;256;434;724;590;666;711;744;682;401;255;194;374;673;475;354;263;121;31;87;455;599;200;674;4125;1338;1716;769
201206;04010102;04;01;01;02;2;718;418;300;0;0;3;15;0;3;0;9;12;10;0;15;15;17;20;29;50;45;42;62;67;68;38;13;15;33;53;37;22;13;9;3;0;18;34;15;32;315;119;138;47
201206;04010103;04;01;01;03;2;7407;3477;3930;85;70;66;145;70;51;58;128;128;119;78;203;207;391;202;260;495;454;527;562;465;430;231;160;118;227;560;504;244;115;38;16;85;351;562;203;598;2965;821;1409;413
201206;04020204;04;02;02;04;2;0;0;0;0;0;0;0;0;0;0;0;0;0;0;0;0;0;0;0;0;0;0;0;0;0;0;0;0;0;0;0;0;0;0;0;0;0;0;0;0;0;0;0;0
201206;04020205;04;02;02;05;2;1228;603;625;9;19;10;21;9;17;0;21;19;14;15;25;15;59;18;30;71;77;94;106;97;93;33;51;35;80;90;46;24;21;9;0;9;59;86;25;74;493;177;251;54
201206;04020206;04;02;02;06;2;2565;1127;1438;9;9;12;6;13;7;13;22;17;24;0;27;34;52;29;60;84;94;84;154;154;157;135;109;127;200;383;222;158;89;66;15;9;40;83;27;86;659;401;932;328
201206;04020207;04;02;02;07;2;2613;1250;1363;18;12;21;37;24;13;34;36;43;53;20;87;54;59;34;54;133;166;227;275;210;150;111;54;58;100;193;123;104;56;29;25;18;94;199;87;113;1099;315;474;214
201206;04020208;04;02;02;08;2;2831;1399;1432;25;21;16;43;23;30;31;62;65;106;37;80;74;53;25;63;74;111;218;291;214;161;142;74;64;141;258;156;86;71;16;0;25;103;331;80;127;996;377;619;173
201206;04020209;04;02;02;09;2;3131;1550;1581;16;9;12;55;40;25;18;75;64;60;28;98;183;307;167;162;165;124;151;231;204;162;104;64;59;124;213;104;51;41;12;3;16;116;270;98;490;1204;330;500;107
201206;04020310;04;02;03;10;2;591;305;286;3;0;3;3;0;0;3;9;3;6;0;0;24;128;54;48;55;39;21;18;26;33;6;19;6;21;34;6;13;6;4;0;3;6;21;0;152;261;58;67;23
201206;04020311;04;02;03;11;2;13889;6471;7418;72;92;59;176;81;120;74;198;179;192;116;301;348;561;291;392;688;746;954;1103;902;905;657;446;406;754;1326;752;466;319;165;48;72;408;879;301;909;5076;2008;3238;998
201206;04020312;04;02;03;12;2;4880;2255;2625;24;33;45;79;33;28;27;66;71;66;25;94;85;168;82;139;251;265;279;428;385;343;214;182;136;263;384;286;185;115;71;28;24;190;283;94;253;1829;739;1069;399
201206;04020313;04;02;03;13;2;6815;3310;3505;47;48;68;93;35;33;31;81;100;47;46;136;189;364;211;345;535;403;491;632;464;454;319;138;143;234;476;335;162;95;39;21;47;244;338;136;553;3081;911;1188;317
201206;04020314;04;02;03;14;2;0;0;0;0;0;0;0;0;0;0;0;0;0;0;0;0;0;0;0;0;0;0;0;0;0;0;0;0;0;0;0;0;0;0;0;0;0;0;0;0;0;0;0;0
201206;04030415;04;03;04;15;1;2660;1267;1393;15;12;16;25;15;15;15;21;20;15;6;28;75;225;116;185;265;176;137;171;165;120;76;70;43;74;144;124;106;109;55;21;15;68;92;28;300;1215;266;385;291
201206;04030416;04;03;04;16;1;10141;4931;5210;98;138;104;171;103;93;86;174;175;172;100;257;285;662;334;523;821;712;864;846;812;686;444;235;170;279;379;207;119;64;16;12;98;516;800;257;947;4912;1365;1035;211
201206;04030417;04;03;04;17;1;10348;4946;5402;108;80;80;181;86;77;76;126;126;120;73;248;220;510;290;483;818;812;858;931;870;683;465;279;212;365;551;274;167;106;54;19;108;427;598;248;730;5062;1427;1402;346
201206;04030518;04;03;05;18;1;8988;4353;4635;95;63;60;149;58;54;54;85;94;102;51;189;209;537;319;469;786;702;632;834;828;605;378;215;198;269;416;238;151;102;34;12;95;330;440;189;746;4570;1198;1121;299
201206;04030519;04;03;05;19;1;5241;2626;2615;41;49;64;66;37;30;40;56;64;59;32;74;149;407;221;326;529;412;386;464;405;336;185;91;76;166;218;150;46;36;13;13;41;216;281;74;556;2743;612;610;108
201206;04030620;04;03;06;20;1;8356;3937;4419;55;56;78;127;62;53;36;118;105;123;51;180;190;376;271;425;679;533;620;698;656;555;363;180;178;272;467;346;238;168;72;25;55;323;486;180;566;3882;1098;1263;503
201206;04030621;04;03;06;21;1;2927;1573;1354;18;27;28;54;34;13;18;18;44;31;27;54;79;247;131;221;336;220;292;243;189;167;79;57;52;60;99;42;22;15;10;0;18;143;151;54;326;1632;303;253;47
201206;04030622;04;03;06;22;1;9900;4824;5076;55;63;56;129;58;43;81;136;150;113;62;162;265;507;367;502;741;701;711;824;729;687;445;285;263;400;573;332;231;135;67;27;55;306;585;162;772;4575;1417;1568;460
201206;04030623;04;03;06;23;1;4294;2016;2278;51;27;40;57;34;34;34;48;58;60;19;65;86;282;166;225;340;320;320;362;263;276;179;125;113;120;231;173;107;49;18;12;51;158;253;65;368;1996;580;637;186
201206;04030724;04;03;07;24;1;6255;2871;3384;39;64;31;82;31;42;41;78;74;93;32;135;181;266;137;245;409;384;444;506;484;445;297;204;149;301;398;251;187;121;83;21;39;208;360;135;447;2609;946;1099;412
201206;04030725;04;03;07;25;1;11431;5606;5825;90;80;96;203;101;75;81;156;169;164;82;170;291;599;376;558;929;815;1005;1074;894;875;529;301;253;405;513;266;136;90;39;16;90;480;727;170;890;5651;1705;1437;281
201206;04030726;04;03;07;26;1;5245;2467;2778;39;50;26;75;30;42;52;71;64;66;30;86;102;215;138;224;398;338;445;414;411;410;245;158;139;211;322;193;110;74;49;18;39;181;325;86;317;2368;813;865;251
201206;04030827;04;03;08;27;1;11282;5688;5594;83;70;111;167;98;81;70;164;151;129;77;250;272;601;389;589;999;891;908;988;894;789;455;312;256;341;533;319;142;91;47;15;83;446;672;250;873;5658;1556;1449;295
201206;04030828;04;03;08;28;1;9183;4575;4608;74;51;65;117;50;50;68;100;73;101;49;178;190;381;270;450;783;679;754;873;787;719;424;316;204;352;506;226;150;90;31;22;74;283;441;178;571;4596;1459;1288;293
201206;04030929;04;03;09;29;1;5852;2886;2966;46;48;52;72;30;28;30;91;55;83;34;139;144;239;152;217;421;384;506;575;495;434;277;154;150;263;338;181;102;72;25;15;46;202;321;139;383;2750;865;932;214
201206;04030930;04;03;09;30;1;5270;2627;2643;50;40;38;68;31;27;34;65;86;50;39;92;82;198;118;176;294;395;463;499;469;390;296;199;174;245;303;158;96;44;38;13;50;177;301;92;280;2414;885;880;191
201206;04030931;04;03;09;31;1;3440;1755;1685;24;28;30;52;13;15;24;27;27;41;12;31;59;135;88;167;256;233;276;296;329;206;178;92;89;166;217;147;69;59;30;24;24;123;146;31;194;1645;476;619;182
201206;04031032;04;03;10;32;1;14196;6755;7441;77;117;76;168;85;75;69;184;170;165;83;239;286;597;365;557;955;901;1087;1259;1181;1095;686;410;356;706;945;575;322;242;119;44;77;446;746;239;883;6305;2191;2582;727
201206;04041133;04;04;11;33;2;0;0;0;0;0;0;0;0;0;0;0;0;0;0;0;0;0;0;0;0;0;0;0;0;0;0;0;0;0;0;0;0;0;0;0;0;0;0;0;0;0;0;0;0
201206;04041134;04;04;11;34;2;4615;2190;2425;39;19;26;80;24;23;30;75;53;52;28;109;94;167;82;159;226;217;363;306;337;315;223;144;127;261;403;263;142;119;70;39;39;149;261;109;261;1690;682;1054;370
201206;04041135;04;04;11;35;2;2708;1223;1485;7;34;12;24;31;19;22;31;43;39;13;68;88;95;34;47;99;111;176;205;186;204;125;87;68;166;264;173;92;89;45;11;7;101;167;68;183;858;416;671;237
201206;04041136;04;04;11;36;2;2877;1352;1525;24;9;29;36;28;21;24;40;39;52;18;46;59;71;43;45;90;159;185;247;212;203;142;81;84;222;300;131;93;96;26;22;24;102;194;46;130;981;426;737;237
201206;04041137;04;04;11;37;2;7638;3508;4130;72;33;37;102;50;43;47;83;106;97;49;166;167;327;177;282;452;459;554;661;594;522;355;202;182;382;569;393;234;147;82;12;72;222;425;166;494;3179;1079;1526;475
201206;04041238;04;04;12;38;2;5447;2483;2964;34;43;64;103;45;46;52;93;80;87;54;139;117;146;77;146;240;320;386;466;369;375;241;144;141;257;414;270;156;209;93;40;34;255;412;139;263;2004;760;1082;498
201206;04041239;04;04;12;39;2;0;0;0;0;0;0;0;0;0;0;0;0;0;0;0;0;0;0;0;0;0;0;0;0;0;0;0;0;0;0;0;0;0;0;0;0;0;0;0;0;0;0;0;0
201206;04041240;04;04;12;40;2;1533;679;854;12;19;7;12;18;21;6;34;33;32;10;32;18;36;15;15;56;34;94;147;127;75;86;48;59;88;179;80;66;49;19;6;12;56;136;32;54;488;209;406;140
201206;04041241;04;04;12;41;2;6667;2916;3751;49;43;36;101;49;43;47;113;85;121;63;100;139;194;117;136;306;372;540;553;488;442;317;216;203;399;563;351;229;148;60;44;49;229;472;100;333;2512;975;1516;481
201206;04041342;04;04;13;42;2;4014;1810;2204;16;24;23;28;15;13;17;47;33;19;24;79;54;136;68;94;209;178;223;343;323;337;260;134;129;252;429;222;140;95;38;12;16;90;153;79;190;1438;731;1032;285
201206;04041343;04;04;13;43;2;3476;1591;1885;27;18;24;46;19;22;24;39;59;58;28;75;83;129;57;111;203;158;261;367;272;293;175;127;93;164;210;154;83;62;29;6;27;107;230;75;212;1429;595;621;180
201206;04041344;04;04;13;44;2;10536;4726;5810;73;94;106;149;87;82;95;182;154;190;102;245;243;341;174;329;504;638;861;997;827;713;472;287;235;480;768;510;278;219;88;13;73;436;805;245;584;4330;1472;1993;598
201206;04051445;04;05;14;45;1;5747;2708;3039;57;56;39;88;51;43;35;70;81;78;39;122;106;288;150;285;433;398;411;505;439;381;246;165;121;223;352;218;137;91;36;3;57;234;346;122;394;2621;792;914;267
201206;04051446;04;05;14;46;1;9964;4730;5234;85;56;63;151;64;59;68;125;109;116;58;203;185;390;195;382;689;627;719;945;876;706;516;277;235;480;713;392;211;139;85;45;85;334;535;203;575;4433;1499;1820;480
201206;04051447;04;05;14;47;1;5040;2375;2665;39;48;44;57;38;37;27;79;59;79;39;81;101;203;133;233;311;340;384;424;369;347;228;167;114;193;331;177;132;138;82;6;39;187;320;81;304;2194;742;815;358
201206;04051448;04;05;14;48;1;8574;4197;4377;53;50;59;97;49;37;49;66;67;97;44;165;157;334;227;342;562;537;688;757;704;645;442;266;218;399;599;372;231;150;83;28;53;255;360;165;491;3817;1353;1588;492
201206;04051549;04;05;15;49;1;4085;1941;2144;16;30;33;73;26;21;44;53;65;60;27;64;96;271;145;235;335;267;259;363;299;301;198;92;50;133;217;153;77;54;24;4;16;162;270;64;367;1903;591;553;159
201206;04051550;04;05;15;50;1;5216;2549;2667;46;21;49;91;36;28;33;85;53;53;37;139;133;264;165;239;421;373;435;498;431;365;197;157;114;179;264;136;81;57;33;3;46;197;289;139;397;2562;719;693;174
201206;04051551;04;05;15;51;1;4190;2011;2179;36;26;44;57;36;37;27;69;48;58;30;119;111;260;115;209;316;308;300;379;317;300;177;90;91;163;208;130;66;36;18;9;36;163;269;119;371;1944;567;592;129
201206;04051652;04;05;16;52;1;9246;4366;4880;58;31;70;111;55;73;85;119;121;130;70;173;209;373;231;338;607;514;760;830;784;705;436;286;248;376;593;377;209;162;88;24;58;267;598;173;582;4064;1427;1594;483
201206;04051653;04;05;16;53;1;6389;3106;3283;36;43;45;118;24;43;18;88;73;45;32;97;121;280;168;245;438;376;478;585;524;478;337;230;177;273;437;294;138;104;37;7;36;230;299;97;401;2814;1045;1181;286
201206;04051654;04;05;16;54;1;2873;1326;1547;18;16;19;40;16;22;6;21;33;21;25;51;75;79;96;105;167;211;211;253;240;179;107;110;61;112;224;114;87;88;52;14;18;91;128;51;154;1283;396;511;241
201206;04051655;04;05;16;55;1;6586;3157;3429;51;78;37;115;33;43;52;95;93;104;34;128;218;334;216;284;535;417;510;564;532;457;245;165;176;206;353;223;129;106;40;13;51;263;421;128;552;3058;867;958;288
201206;04051656;04;05;16;56;1;7261;3449;3812;66;66;65;144;56;66;51;144;118;118;71;174;168;350;199;385;520;457;561;674;545;538;285;202;142;287;395;180;127;70;26;11;66;331;568;174;518;3341;1025;1004;234
201206;04061757;04;06;17;57;2;0;0;0;0;0;0;0;0;0;0;0;0;0;0;0;0;0;0;0;0;0;0;0;0;0;0;0;0;0;0;0;0;0;0;0;0;0;0;0;0;0;0;0;0
201206;05010101;05;01;01;01;2;9683;4609;5074;106;122;105;191;84;84;81;141;178;169;71;238;252;441;245;384;714;547;574;827;649;606;362;195;158;318;563;443;326;289;186;34;106;502;724;238;693;3940;1163;1482;835
201206;05010102;05;01;01;02;2;5560;2669;2891;29;35;30;63;29;22;19;46;74;56;38;92;146;296;134;222;251;250;346;430;482;424;273;151;142;266;523;317;202;124;36;12;29;157;255;92;442;2115;848;1248;374
201206;05010103;05;01;01;03;2;7420;3576;3844;39;26;34;114;59;61;58;111;98;121;67;185;215;399;187;281;347;317;510;710;641;532;365;174;169;316;573;341;203;112;39;16;39;233;516;185;614;2993;1071;1399;370
201206;05010204;05;01;02;04;2;3166;1459;1707;19;35;25;63;28;40;49;76;78;68;54;103;119;114;46;79;124;178;197;203;205;192;122;72;41;115;210;177;115;117;66;36;19;151;365;103;233;1032;386;543;334
201206;05010205;05;01;02;05;2;1945;949;996;19;10;12;35;15;10;19;44;30;54;31;123;130;101;42;38;72;97;170;274;224;125;69;44;24;34;54;18;18;9;0;0;19;72;188;123;231;917;238;130;27
201206;05010206;05;01;02;06;2;9917;4724;5193;76;74;100;157;65;81;88;153;185;160;73;278;344;512;244;307;499;433;609;782;664;645;405;247;228;497;977;579;288;118;37;12;76;396;740;278;856;3538;1297;2281;455
201206;05010207;05;01;02;07;2;10963;5161;5802;123;116;99;230;130;122;84;215;224;213;110;333;368;547;258;383;677;591;700;833;799;645;387;208;204;376;858;670;298;112;47;3;123;575;968;333;915;4241;1240;2108;460
201206;05010208;05;01;02;08;2;7106;3397;3709;68;64;84;117;43;48;26;95;86;110;54;126;215;487;262;359;481;430;469;661;565;424;277;164;124;244;434;278;173;84;51;3;68;308;419;126;702;3227;865;1080;311
201206;05010209;05;01;02;09;2;5915;2868;3047;32;56;43;83;29;45;43;65;95;86;62;174;189;283;124;205;288;293;406;506;463;470;281;158;133;306;440;321;147;64;22;3;32;211;396;174;472;2285;909;1200;236
201206;05010310;05;01;03;10;2;3612;1731;1881;63;43;24;64;21;27;24;47;32;54;31;84;86;268;137;146;310;229;263;301;256;207;119;71;74;114;168;150;93;66;40;0;63;152;215;84;354;1642;397;506;199
201206;05010311;05;01;03;11;2;5132;2326;2806;30;53;53;108;59;57;42;126;114;133;57;129;169;238;117;156;279;286;318;310;309;249;180;78;79;122;274;263;273;265;145;61;30;273;529;129;407;1775;507;738;744
201206;05010312;05;01;03;12;2;6214;3250;2964;55;83;83;119;67;73;44;99;108;124;65;168;244;506;260;387;531;381;419;556;440;326;203;112;128;149;203;127;71;54;22;7;55;352;513;168;750;2974;641;607;154
201206;05010313;05;01;03;13;2;6301;3235;3066;26;52;54;105;61;39;63;137;113;137;47;170;269;418;258;349;508;377;492;549;493;408;246;115;64;179;275;154;79;51;13;0;26;272;536;170;687;3026;769;672;143
201206;05010314;05;01;03;14;2;11182;5423;5759;105;87;97;167;79;80;74;150;174;186;90;322;295;719;407;497;799;687;812;1026;882;735;415;275;213;324;604;427;268;143;37;6;105;430;754;322;1014;5110;1425;1568;454
201206;05010339;05;01;03;39;2;420;220;200;0;6;0;6;3;0;4;7;10;0;3;6;18;13;18;19;25;23;34;43;30;40;16;8;12;22;24;9;12;6;3;0;0;15;24;6;31;192;64;67;21
201206;05020415;05;02;04;15;2;4012;2013;1999;6;20;21;62;41;25;41;86;116;124;82;248;265;181;61;57;99;167;366;577;431;302;136;63;43;93;117;94;58;21;6;3;6;144;474;248;446;1758;501;347;88
201206;05020416;05;02;04;16;2;1777;864;913;9;7;19;25;9;12;6;25;19;22;7;49;67;78;43;48;91;70;118;175;116;122;90;74;24;91;187;89;46;36;3;0;9;60;91;49;145;661;286;391;85
201206;05020417;05;02;04;17;2;5576;2791;2785;18;42;25;67;49;45;30;97;88;73;68;158;205;223;90;140;248;307;357;586;498;417;270;152;124;263;457;269;134;52;24;0;18;183;401;158;428;2226;839;1113;210
201206;05020418;05;02;04;18;2;4062;1928;2134;33;26;41;70;19;29;31;96;97;78;46;119;138;177;72;132;216;240;280;299;229;247;180;126;95;191;325;212;96;64;46;12;33;156;377;119;315;1468;553;823;218
201206;05020419;05;02;04;19;2;6766;3047;3719;73;66;68;94;52;59;41;68;120;106;60;173;171;315;170;248;360;292;414;452;485;368;248;180;171;369;729;444;216;111;37;6;73;280;454;173;486;2421;796;1713;370
201206;05020420;05;02;04;20;2;954;499;455;10;12;0;24;6;6;6;11;15;30;15;45;37;54;28;19;68;48;97;132;66;78;18;12;15;16;27;36;23;0;0;0;10;42;83;45;91;458;108;94;23
201206;05020521;05;02;05;21;2;2688;1309;1379;22;31;19;74;41;49;31;56;71;100;41;104;77;103;48;83;208;173;261;304;234;129;93;46;36;61;115;41;16;12;9;0;22;165;348;104;180;1311;268;253;37
201206;05020522;05;02;05;22;2;6376;3074;3302;76;87;93;133;72;66;59;122;132;158;57;203;231;300;144;222;384;342;392;488;432;405;242;133;165;225;441;290;162;83;24;13;76;385;594;203;531;2404;780;1121;282
201206;05020523;05;02;05;23;2;11555;5547;6008;145;168;176;355;144;150;152;279;302;262;135;424;379;635;321;470;697;659;708;786;720;617;458;265;223;380;677;404;244;137;64;19;145;843;1280;424;1014;4361;1340;1684;464
201206;05020524;05;02;05;24;2;6068;2915;3153;22;18;37;73;34;34;24;65;85;93;58;156;152;234;96;142;215;223;328;505;525;444;331;197;141;397;665;425;218;64;57;10;22;162;359;156;386;2034;972;1628;349
201206;05020625;05;02;06;25;2;7129;3354;3775;59;58;34;99;64;36;50;102;83;108;47;146;174;378;185;311;447;374;447;544;508;470;287;184;142;290;608;392;266;146;74;16;59;255;426;146;552;2816;941;1432;502
201206;05020626;05;02;06;26;2;16593;8074;8519;154;189;122;233;118;110;130;186;225;275;120;427;443;1080;474;790;1200;1039;1283;1502;1314;978;674;370;285;565;992;645;341;227;70;32;154;662;1046;427;1523;7602;2022;2487;670
201206;05020627;05;02;06;27;2;3773;1822;1951;58;36;42;85;35;22;42;65;59;57;37;113;121;169;105;149;262;197;280;329;276;239;149;88;63;134;210;141;137;46;27;0;58;198;282;113;290;1598;476;548;210
201206;05020628;05;02;06;28;2;2020;891;1129;15;15;15;12;12;7;10;19;33;17;21;57;51;65;49;49;103;76;81;138;154;119;82;56;37;112;231;202;118;46;12;6;15;54;107;57;116;650;257;582;182
201206;05020629;05;02;06;29;2;4373;2065;2308;15;35;13;45;31;27;33;64;58;54;27;62;96;74;66;71;148;150;283;329;355;295;215;149;197;345;517;280;171;122;36;10;15;124;263;62;170;1402;659;1339;339
201206;05030730;05;03;07;30;2;3282;1646;1636;44;43;53;111;43;46;40;86;83;91;38;118;95;145;87;137;248;293;286;282;203;156;115;65;44;78;112;58;27;36;16;3;44;250;384;118;240;1536;336;292;82
201206;05030731;05;03;07;31;2;10485;4933;5552;83;83;78;167;79;88;83;163;178;162;86;249;302;484;269;437;647;570;669;838;850;698;445;269;228;402;745;561;342;161;57;12;83;407;760;249;786;4280;1412;1936;572
201206;05030832;05;03;08;32;2;10850;5283;5567;109;110;108;213;103;123;87;199;176;181;104;307;294;601;301;434;770;603;790;932;778;661;389;264;214;382;643;455;271;170;60;18;109;534;870;307;895;4608;1314;1694;519
201206;05030833;05;03;08;33;2;774;390;384;18;11;13;13;9;12;6;13;21;15;10;24;41;66;24;55;54;64;45;49;39;31;22;9;15;16;32;31;6;10;0;0;18;46;77;24;107;330;62;94;16
201206;05040934;05;04;09;34;2;3435;1698;1737;19;25;12;42;36;33;24;62;63;77;35;95;137;126;66;53;59;93;231;295;298;295;160;126;114;215;294;163;102;49;21;15;19;115;294;95;263;1095;581;786;187
201206;05040935;05;04;09;35;2;389;201;188;3;0;0;4;0;3;3;9;3;3;0;21;13;25;10;0;28;26;34;21;34;34;38;3;10;6;21;18;12;7;0;0;3;4;21;21;38;153;75;55;19
201206;05040936;05;04;09;36;2;8236;4067;4169;58;60;76;163;76;77;112;194;195;243;105;321;236;308;61;132;293;424;624;884;673;502;397;262;189;358;609;280;175;109;34;6;58;375;926;321;544;3091;1161;1436;324
201206;05040937;05;04;09;37;2;2130;1090;1040;16;10;12;24;12;9;9;45;35;36;17;74;74;43;25;25;60;65;133;151;192;161;110;89;61;155;206;134;99;24;21;3;16;58;151;74;117;651;360;556;147
201206;05040938;05;04;09;38;2;3578;1747;1831;9;9;31;72;33;38;31;54;79;100;38;92;66;82;43;66;134;142;210;296;313;291;206;132;101;249;313;155;88;61;28;16;9;145;340;92;148;1204;629;818;193
201206;06010101;06;01;01;01;2;6762;3015;3747;43;44;46;97;54;66;52;119;124;118;53;204;180;251;122;162;304;341;459;572;493;392;323;245;164;328;522;370;199;181;103;31;43;241;532;204;431;2453;960;1384;514
201206;06010102;06;01;01;02;2;8432;3958;4474;76;52;96;119;64;46;64;109;106;148;73;187;235;445;243;436;695;566;595;822;713;601;402;234;158;298;344;210;126;115;32;22;76;331;546;187;680;4070;1237;1010;295
201206;06010103;06;01;01;03;2;6206;2933;3273;74;77;52;115;40;31;39;96;103;88;49;127;112;271;175;273;540;522;579;522;466;423;266;164;131;201;330;170;98;41;16;15;74;284;406;127;383;3077;853;832;170
201206;06010204;06;01;02;04;2;6650;3067;3583;54;62;34;137;42;45;78;119;93;101;43;171;204;312;160;254;409;374;518;560;509;400;238;175;161;285;477;309;159;126;38;3;54;275;479;171;516;2784;813;1232;326
201206;06010205;06;01;02;05;2;9328;4414;4914;86;79;91;165;80;76;63;131;132;138;83;209;233;502;264;407;690;584;667;888;727;634;376;219;141;365;564;330;207;135;50;12;86;415;623;209;735;4227;1229;1400;404
201206;06010206;06;01;02;06;2;7546;3398;4148;82;59;59;121;46;72;44;112;101;97;37;145;178;370;232;274;501;451;553;645;549;455;271;178;172;287;520;355;240;210;102;28;82;285;463;145;548;3205;904;1334;580
201206;06010207;06;01;02;07;2;7812;3643;4169;54;78;62;131;55;50;60;115;111;102;44;152;185;403;233;373;621;510;558;707;566;528;348;208;129;290;471;294;144;136;61;33;54;326;482;152;588;3568;1084;1184;374
201206;06010208;06;01;02;08;2;6413;3100;3313;45;60;42;121;36;45;51;99;89;84;42;177;156;308;205;318;454;418;477;569;510;465;319;174;155;259;320;173;134;70;34;4;45;259;410;177;464;2951;958;907;242
201206;06010209;06;01;02;09;2;8792;4121;4671;79;80;79;145;68;43;53;96;90;109;67;145;235;471;266;455;769;609;700;765;632;597;364;254;146;299;518;310;207;99;24;18;79;372;458;145;706;4196;1215;1273;348
201206;06010210;06;01;02;10;2;4799;2223;2576;36;57;39;97;30;24;19;73;61;50;32;124;124;226;167;190;365;341;345;433;363;321;183;115;102;162;229;195;127;97;48;24;36;223;259;124;350;2204;619;688;296
201206;06020301;06;02;03;01;2;4922;2258;2664;34;29;30;83;42;37;31;67;100;67;41;121;154;155;74;138;216;271;352;398;343;289;219;143;103;245;479;329;182;110;37;3;34;184;343;121;309;1792;651;1156;332
201206;06020302;06;02;03;02;2;5329;2408;2921;38;33;47;63;27;51;31;55;69;61;26;126;108;168;96;155;269;235;316;392;366;356;263;195;152;283;446;384;195;160;97;66;38;170;293;126;276;1829;814;1265;518
201206;06020303;06;02;03;03;2;7089;3208;3881;60;80;58;106;46;51;63;90;92;89;34;131;146;386;232;308;553;374;527;620;545;432;278;153;142;284;478;332;202;141;41;15;60;290;419;131;532;3159;863;1236;399
201206;06020304;06;02;03;04;2;6783;3173;3610;41;43;46;123;55;28;56;92;86;94;42;125;199;379;183;281;456;430;493;618;553;400;272;187;149;285;463;280;173;107;35;9;41;267;398;125;578;3014;859;1177;324
201206;06020305;06;02;03;05;2;10796;5031;5765;79;80;83;200;92;68;60;139;139;165;91;279;330;627;327;451;704;563;662;855;732;675;421;244;208;448;797;578;351;227;85;36;79;455;662;279;957;4294;1340;2031;699
201206;06020306;06;02;03;06;2;6430;3079;3351;27;54;54;78;34;49;48;94;107;127;63;191;186;224;102;160;261;343;483;630;463;486;338;225;115;289;537;298;198;114;37;15;27;220;488;191;410;2442;1049;1239;364
201206;06020407;06;02;04;07;2;4746;2302;2444;40;34;46;82;59;44;37;74;77;77;39;149;175;346;129;201;246;261;254;326;285;244;209;128;126;234;375;241;142;46;17;3;40;221;348;149;521;1702;581;976;208
201206;06020408;06;02;04;08;2;6537;3061;3476;45;55;65;74;45;45;44;84;73;106;62;182;202;262;117;207;356;305;471;543;518;371;257;162;158;336;589;406;224;114;53;6;45;239;414;182;464;2517;790;1489;397
201206;06020409;06;02;04;09;2;8056;3798;4258;66;65;42;133;48;61;66;108;118;90;45;171;189;312;146;240;438;353;569;663;554;559;313;242;189;448;710;458;286;224;99;51;66;288;488;171;501;2963;1114;1805;660
201206;06020410;06;02;04;10;2;6832;3206;3626;33;59;43;108;80;54;56;135;160;113;97;201;179;234;107;152;286;374;545;634;488;499;336;235;185;303;532;300;156;101;43;4;33;290;615;201;413;2586;1070;1320;304
201206;06020411;06;02;04;11;2;8490;3972;4518;36;68;58;160;70;74;79;149;152;172;82;265;254;275;133;170;379;410;564;756;670;642;459;244;201;412;642;397;219;169;112;17;36;356;708;265;529;3082;1345;1652;517
201206;06030501;06;03;05;01;2;5517;2637;2880;21;38;39;63;45;45;55;97;105;112;58;167;164;151;60;91;253;209;381;500;396;340;236;148;136;306;564;382;179;133;33;10;21;185;472;167;315;1890;724;1388;355
201206;06030502;06;03;05;02;2;5125;2278;2847;39;30;15;61;27;39;22;92;72;86;12;107;128;225;115;186;280;296;353;477;413;326;230;132;99;203;434;286;173;120;41;6;39;133;323;107;353;2120;688;1022;340
201206;06030503;06;03;05;03;2;11177;5090;6087;75;77;86;195;104;81;107;198;217;192;103;308;346;466;237;324;508;592;877;1042;870;801;457;316;248;471;837;467;286;168;93;28;75;462;898;308;812;4450;1574;2023;575
201206;06030504;06;03;05;04;2;10867;4988;5879;63;80;81;177;96;64;84;191;195;202;152;302;267;329;141;184;346;492;706;920;759;734;491;347;272;592;910;707;400;306;196;81;63;434;888;302;596;3548;1572;2481;983
201206;06030605;06;03;06;05;2;6842;3276;3566;43;44;50;111;56;63;45;113;100;128;78;167;154;277;172;273;402;393;524;640;534;472;315;201;138;293;479;265;163;83;56;10;43;261;527;167;431;2938;988;1175;312
201206;06030606;06;03;06;06;2;4978;2349;2629;22;49;42;77;40;55;49;72;94;87;54;135;129;235;139;200;325;307;370;474;409;274;220;145;84;205;289;147;99;91;42;18;22;208;411;135;364;2224;639;725;250
201206;06030607;06;03;06;07;2;3206;1584;1622;16;24;27;39;28;28;26;41;43;45;20;57;124;256;153;177;285;199;224;249;191;159;98;55;47;105;210;163;58;37;13;9;16;118;203;57;380;1478;312;525;117
201206;06030608;06;03;06;08;2;11134;5435;5699;49;92;121;203;130;115;147;227;302;235;161;375;331;324;135;223;370;605;962;1175;887;660;415;289;238;502;790;520;257;171;96;27;49;546;1187;375;655;4357;1364;2050;551
201206;06030609;06;03;06;09;2;11465;5431;6034;89;113;99;192;113;89;103;227;179;193;100;246;328;449;248;365;613;633;927;1040;908;774;542;347;242;532;791;505;246;147;61;24;89;517;891;246;777;4734;1663;2070;478
201206;06030610;06;03;06;10;2;8076;3714;4362;86;61;54;125;78;79;84;165;183;181;84;229;193;263;134;229;355;368;636;706;611;567;421;225;221;348;605;346;204;133;77;25;86;318;776;229;456;3039;1213;1520;439
201206;06040701;06;04;07;01;2;9416;4499;4917;55;80;92;156;93;92;77;175;155;166;99;238;222;247;126;157;344;444;735;884;663;645;439;328;281;482;885;487;285;180;66;38;55;421;764;238;469;3353;1412;2135;569
201206;06040702;06;04;07;02;2;5413;2627;2786;31;34;54;107;55;55;63;98;155;122;69;216;174;177;61;107;276;274;427;500;393;419;282;174;110;213;350;215;119;54;25;4;31;250;562;216;351;2038;875;888;202
201206;06040703;06;04;07;03;2;10683;5021;5662;68;59;71;209;87;107;89;201;174;205;99;292;336;664;269;332;398;493;637;888;704;691;424;287;259;548;789;555;337;238;122;51;68;426;875;292;1000;3721;1402;2151;748
201206;06040804;06;04;08;04;2;7550;3504;4046;55;33;38;94;76;63;92;149;158;169;92;235;195;234;92;118;231;291;505;709;612;486;311;224;192;463;705;410;253;155;83;27;55;241;723;235;429;2558;1021;1770;518
201206;06040805;06;04;08;05;2;5229;2402;2827;46;45;49;81;28;44;51;76;98;111;65;122;163;162;71;102;229;230;372;466;361;372;256;158;137;285;478;233;157;128;41;12;46;203;445;122;325;1831;786;1133;338
201206;06040806;06;04;08;06;2;7218;3223;3995;42;40;48;123;68;59;63;157;182;151;76;240;184;195;102;113;192;298;540;681;589;437;327;217;206;399;588;439;243;136;74;9;42;279;688;240;379;2515;981;1632;462
201206;06040807;06;04;08;07;2;5813;2538;3275;40;38;62;92;49;38;60;100;100;101;47;161;149;203;89;156;231;271;391;443;387;315;261;129;129;263;436;307;268;279;155;63;40;241;446;161;352;1968;705;1135;765
201206;06040808;06;04;08;08;2;4094;1987;2107;45;51;79;124;70;60;65;125;117;107;84;179;134;95;28;74;228;335;460;483;318;193;92;78;52;119;139;84;40;27;6;3;45;324;558;179;229;1926;363;394;76
201206;06040809;06;04;08;09;2;4974;2413;2561;12;28;39;98;52;41;75;125;111;117;42;181;141;167;66;135;176;219;357;514;395;322;239;119;128;244;367;190;146;86;24;18;12;217;511;181;308;1862;680;929;274
201206;06040810;06;04;08;10;2;6648;3121;3527;43;37;49;124;81;70;53;132;154;165;64;210;202;250;124;116;191;349;495;556;478;374;256;192;186;351;574;339;169;150;87;27;43;291;638;210;452;2309;822;1450;433
201206;07010101;07;01;01;01;1;9202;4759;4443;68;72;67;114;58;45;49;63;111;108;43;139;198;353;234;323;603;649;773;899;800;749;441;257;200;363;549;362;201;195;85;31;68;311;419;139;551;4281;1447;1474;512
201206;07010102;07;01;01;02;1;15037;7984;7053;88;102;97;244;118;112;132;255;229;238;122;436;445;885;476;686;1170;1083;1375;1445;1188;1034;585;357;249;414;633;415;209;117;75;23;88;561;1088;436;1330;7423;1976;1711;424
201206;07010103;07;01;01;03;1;9738;4788;4950;86;79;87;143;86;94;64;160;156;168;65;193;244;419;254;444;759;704;864;998;887;727;373;247;198;265;376;265;180;95;49;9;86;395;707;193;663;4910;1347;1104;333
201206;07010104;07;01;01;04;1;13129;6842;6287;129;144;151;248;121;123;116;215;211;255;111;321;439;889;400;725;1140;1113;1095;1265;980;814;409;270;233;313;432;238;120;68;35;6;129;664;1031;321;1328;6718;1493;1216;229
201206;07020201;07;02;02;01;1;10214;4831;5383;55;68;103;170;85;83;53;141;140;142;110;181;245;441;205;465;699;693;763;1016;828;731;433;280;268;413;570;379;248;133;64;9;55;426;669;181;686;4669;1444;1630;454
201206;07020202;07;02;02;02;1;9389;4629;4760;69;120;76;152;84;53;68;122;97;97;56;167;240;607;354;536;901;722;746;755;733;574;340;176;175;325;443;268;172;85;64;12;69;432;493;167;847;4747;1090;1211;333
201206;07020203;07;02;02;03;1;16857;8416;8441;171;143;162;297;127;154;132;263;253;271;124;403;500;897;600;965;1565;1242;1379;1721;1408;1177;642;349;248;362;519;291;219;151;83;39;171;729;1197;403;1397;8880;2168;1420;492
201206;07020204;07;02;02;04;1;11066;5594;5472;104;123;90;223;91;77;72;133;147;124;73;195;273;715;451;784;1226;886;1022;1152;921;673;372;152;159;221;322;165;62;36;16;6;104;527;626;195;988;6442;1197;867;120
201206;07030301;07;03;03;01;1;23305;10830;12475;197;203;233;455;219;226;216;389;410;384;202;544;540;898;486;814;1535;1523;1935;2336;1980;1726;1138;660;511;972;1189;609;358;232;135;50;197;1110;1827;544;1438;10609;3524;3281;775
201206;07030302;07;03;03;02;1;8966;4261;4705;57;94;54;149;82;95;78;171;152;166;69;238;250;390;229;337;607;522;671;872;806;720;385;235;202;318;498;259;132;83;32;13;57;379;731;238;640;4044;1340;1277;260
201206;07030303;07;03;03;03;1;11732;5593;6139;108;123;120;256;133;86;108;223;216;209;112;332;384;677;363;538;935;824;924;1048;912;757;390;287;181;348;492;316;149;113;56;12;108;632;954;332;1061;5544;1434;1337;330
201206;07040401;07;04;04;01;2;16055;7641;8414;136;141;148;290;129;126;130;325;272;305;181;443;470;783;383;606;967;923;1226;1438;1247;1002;617;381;303;617;1031;669;371;265;100;30;136;708;1339;443;1253;6790;2000;2620;766
201206;07040402;07;04;04;02;2;2093;969;1124;13;21;12;21;12;3;22;21;28;16;9;44;37;74;51;76;96;106;143;190;150;132;100;51;47;88;175;104;98;73;59;21;13;66;99;44;111;812;283;414;251
201206;07040403;07;04;04;03;2;22417;10554;11863;195;200;223;399;174;188;178;318;330;323;127;499;581;1223;776;1143;1836;1503;1601;2011;1712;1453;878;507;379;726;1234;783;490;277;116;34;195;996;1464;499;1804;10582;2838;3122;917
201206;07040404;07;04;04;04;2;4994;2340;2654;43;35;33;64;43;34;46;70;78;72;40;117;141;214;111;191;266;254;354;424;320;329;164;128;127;258;435;323;152;109;16;3;43;175;340;117;355;1920;621;1143;280
201206;07040405;07;04;04;05;2;10076;4792;5284;75;102;102;201;95;83;62;148;138;170;92;232;249;621;334;530;831;630;726;824;699;574;351;231;166;323;480;408;266;189;112;32;75;500;693;232;870;4574;1156;1377;599
201206;07040406;07;04;04;06;2;3314;1714;1600;54;43;44;51;12;16;28;18;13;16;9;34;130;332;208;247;312;225;225;279;244;163;125;45;55;53;150;82;49;34;15;3;54;150;100;34;462;1740;333;340;101
201206;07050501;07;05;05;01;2;15429;7417;8012;140;159;158;231;104;64;115;207;243;174;101;323;419;800;521;751;1128;886;1013;1293;1124;972;689;404;283;646;1056;688;376;230;109;22;140;652;904;323;1219;6716;2065;2673;737
201206;07050502;07;05;05;02;2;7503;3518;3985;42;33;54;106;27;59;57;105;110;133;51;140;198;409;208;328;467;399;495;574;546;474;292;163;161;237;508;352;298;275;158;44;42;220;515;140;607;3017;929;1258;775
201206;07050503;07;05;05;03;2;8931;4138;4793;53;71;63;110;59;44;71;119;83;132;56;175;220;438;242;369;572;504;570;710;702;594;408;247;164;350;680;488;319;214;70;34;53;303;505;175;658;3669;1249;1682;637
201206;07050504;07;05;05;04;2;5409;2568;2841;42;40;28;67;49;55;22;90;75;114;46;170;164;246;97;173;314;261;387;481;363;369;197;124;118;239;411;332;199;89;47;0;42;184;402;170;410;2076;690;1100;335
201206;07050505;07;05;05;05;2;10346;4778;5568;68;82;86;144;92;68;78;164;152;207;90;333;273;413;188;280;449;457;709;829;761;663;465;272;221;461;865;574;349;306;181;66;68;404;759;333;686;3673;1400;2121;902
201206;07050506;07;05;05;06;2;2206;1073;1133;15;19;11;41;13;21;12;25;50;27;22;71;59;79;38;48;86;114;133;197;176;172;112;62;66;122;201;112;54;33;15;0;15;84;157;71;138;792;346;501;102
201206;07060601;07;06;06;01;2;9695;4719;4976;76;88;97;177;94;88;99;192;143;231;93;296;325;473;236;388;593;519;633;738;599;595;385;243;172;410;701;502;295;163;34;17;76;456;846;296;798;3706;1223;1785;509
201206;07060602;07;06;06;02;2;4553;2307;2246;30;24;41;102;34;40;36;79;89;73;57;118;115;147;88;116;219;237;324;476;366;283;218;127;117;230;354;209;120;63;21;0;30;201;374;118;262;1826;628;910;204
201206;07060603;07;06;06;03;2;2706;1288;1418;18;21;25;43;30;22;25;49;52;55;24;72;80;80;28;73;104;148;150;181;158;194;116;111;85;172;293;186;51;42;12;6;18;119;227;72;160;842;421;736;111
201206;07060604;07;06;06;04;2;13478;6265;7213;101;160;118;204;110;123;98;201;221;213;110;380;380;597;289;423;728;704;828;912;933;822;635;431;347;659;1192;780;425;229;97;28;101;592;966;380;977;4817;1888;2978;779
201206;07070701;07;07;07;01;2;10311;4901;5410;50;82;73;144;57;77;90;167;186;195;90;278;274;375;156;297;480;522;729;918;744;700;527;324;232;512;911;584;254;182;89;12;50;356;805;278;649;3846;1551;2239;537
201206;07070702;07;07;07;02;2;10047;4826;5221;52;58;75;162;89;87;56;173;165;182;91;282;367;372;186;240;453;548;741;948;841;662;449;291;270;547;791;467;225;127;34;16;52;384;754;282;739;3957;1402;2075;402
201206;07070703;07;07;07;03;2;7794;3674;4120;47;54;71;119;51;42;49;93;146;128;70;232;234;305;138;220;371;364;554;627;535;518;334;197;146;425;813;460;230;150;59;12;47;295;528;232;539;2809;1049;1844;451
201206;07070704;07;07;07;04;2;7889;3740;4149;71;87;55;173;95;87;87;163;197;171;101;287;232;362;157;223;417;394;477;599;540;506;364;226;173;288;662;384;173;86;39;13;71;410;806;287;594;2807;1096;1507;311
201206;07070705;07;07;07;05;2;7026;3399;3627;49;52;42;120;55;46;61;144;131;167;80;245;161;274;142;128;328;338;523;739;603;478;312;208;135;362;560;306;146;68;23;0;49;269;629;245;435;2801;998;1363;237
201206;07070706;07;07;07;06;2;3582;1618;1964;24;28;19;75;19;35;24;63;54;65;43;99;112;115;50;81;138;185;231;272;323;235;146;81;80;172;270;206;156;103;59;19;24;141;284;99;227;1280;462;728;337
201206;07070707;07;07;07;07;2;2799;1332;1467;15;13;21;36;21;31;26;40;53;66;22;72;68;79;37;39;83;103;189;276;197;249;153;79;86;194;263;147;87;40;11;3;15;91;238;72;147;924;481;690;141
201206;08010115;08;01;01;15;1;837;438;399;6;3;9;12;7;13;10;21;15;6;0;16;26;38;22;56;94;59;66;83;72;65;33;18;6;18;27;24;9;0;3;0;6;31;65;16;64;452;116;75;12
201206;08010116;08;01;01;16;1;3479;1869;1610;24;38;35;53;28;30;19;49;41;59;22;90;85;282;159;241;406;291;252;331;248;185;94;44;57;67;121;75;34;9;10;0;24;154;220;90;367;1928;323;320;53
201206;08010117;08;01;01;17;1;15489;8254;7235;170;158;179;280;117;95;99;204;192;215;80;229;350;1233;915;1466;2195;1346;1126;1241;972;742;421;233;167;250;396;207;105;60;34;12;170;734;885;229;1583;9261;1396;1020;211
201206;08010118;08;01;01;18;1;11122;5730;5392;145;126;120;276;146;137;112;233;208;206;103;304;419;1039;539;770;1094;809;794;785;653;470;281;140;145;154;285;188;192;124;106;19;145;668;999;304;1458;5444;891;772;441
201206;08010211;08;01;02;11;1;9656;5004;4652;95;92;117;212;62;86;79;167;138;151;67;254;283;804;567;946;1292;710;676;714;545;408;204;118;132;180;274;137;81;46;19;0;95;483;688;254;1087;5450;730;723;146
201206;08010212;08;01;02;12;1;7337;3654;3683;83;77;76;204;116;101;87;187;219;184;72;224;215;487;276;442;647;554;464;494;403;438;260;130;94;217;270;182;86;23;12;13;83;473;850;224;702;3280;828;763;134
201206;08010213;08;01;02;13;1;12112;6407;5705;144;167;116;219;115;103;104;209;184;196;115;258;368;1041;717;1087;1449;871;935;905;703;514;310;164;139;245;356;196;102;61;13;6;144;617;911;258;1409;6667;988;936;182
201206;08010214;08;01;02;14;1;7790;4057;3733;85;100;91;155;73;64;71;148;162;152;71;203;279;674;371;537;717;592;571;590;516;439;197;114;92;136;216;142;96;76;43;17;85;419;668;203;953;3894;750;586;232
201206;08010301;08;01;03;01;1;27116;13579;13537;318;299;283;493;222;201;197;356;309;349;163;463;580;1492;1208;2412;4489;2921;2180;2139;1621;1217;637;347;275;418;689;422;227;112;59;18;318;1297;1575;463;2072;16970;2201;1804;416
201206;08010302;08;01;03;02;1;3678;1808;1870;29;25;39;78;30;9;26;47;57;43;21;51;82;156;122;177;372;284;267;368;285;240;110;107;57;111;206;161;64;45;6;3;29;172;203;51;238;1875;457;535;118
201206;08010303;08;01;03;03;1;8039;4213;3826;108;97;86;125;70;51;70;107;118;130;63;222;211;650;502;769;1154;659;578;583;462;344;180;109;69;140;186;108;39;27;22;0;108;378;539;222;861;4707;633;503;88
201206;08010404;08;01;04;04;1;22676;11887;10789;285;238;233;429;227;230;195;355;371;398;194;534;621;2064;1421;1971;2760;1778;1516;1661;1425;1056;508;321;295;393;508;350;168;100;56;15;285;1127;1743;534;2685;12532;1885;1546;339
201206;08010405;08;01;04;05;1;8816;4286;4530;121;115;98;162;91;72;67;114;120;129;56;189;269;681;442;758;1089;722;610;593;497;428;221;140;58;176;315;199;107;108;50;19;121;466;558;189;950;4711;789;748;284
201206;08010406;08;01;04;06;1;6627;3477;3150;109;100;90;199;73;72;69;141;102;124;49;168;203;368;293;428;680;496;491;481;427;314;192;85;76;146;243;206;121;54;24;3;109;462;557;168;571;3296;591;671;202
201206;08010407;08;01;04;07;1;750;371;379;9;6;3;13;0;9;0;6;9;3;0;14;18;66;62;89;110;60;61;66;43;18;15;6;9;6;33;6;3;3;4;0;9;22;27;14;84;491;39;54;10
201206;08010508;08;01;05;08;1;5161;2546;2615;63;96;78;136;72;80;63;131;142;114;77;192;206;316;141;214;332;323;342;400;360;295;178;99;84;140;246;135;55;39;6;6;63;382;607;192;522;2112;572;605;106
201206;08010509;08;01;05;09;1;9228;4576;4652;127;168;195;306;144;145;148;247;225;274;141;372;422;584;263;375;587;623;619;687;499;411;265;131;134;221;353;232;155;104;56;15;127;813;1180;372;1006;3653;807;940;330
201206;08010510;08;01;05;10;1;350;188;162;3;3;6;3;6;3;3;6;0;0;3;10;17;48;23;21;27;31;23;27;30;20;9;6;3;6;10;0;3;0;0;0;3;18;15;10;65;182;35;19;3
201206;08020619;08;02;06;19;2;9572;4825;4747;107;89;106;172;95;128;85;183;201;164;73;275;269;593;290;463;649;632;685;841;698;534;345;201;189;284;545;363;167;108;29;9;107;462;834;275;862;4258;1080;1381;313
201206;08020620;08;02;06;20;2;8973;4285;4688;78;105;93;141;77;52;68;124;130;144;69;216;230;534;275;434;594;515;604;777;646;527;316;216;150;310;601;444;244;155;77;27;78;416;587;216;764;3845;1059;1505;503
201206;08020621;08;02;06;21;2;2317;1147;1170;12;18;16;51;13;30;26;34;31;34;25;99;93;107;23;52;96;87;164;235;257;199;110;69;52;100;130;89;46;16;3;0;12;98;180;99;200;914;378;371;65
201206;08020622;08;02;06;22;2;14073;6513;7560;129;118;116;252;90;100;63;193;198;180;125;320;400;699;370;538;811;753;949;1261;1129;1027;626;352;298;571;922;573;442;284;129;55;129;576;859;320;1099;5811;2005;2364;910
201206;08020623;08;02;06;23;2;1262;584;678;3;12;0;18;9;6;3;31;21;16;7;17;52;50;24;30;52;30;86;124;128;92;63;48;33;47;79;72;52;27;24;6;3;39;84;17;102;474;203;231;109
201206;08020624;08;02;06;24;2;1015;492;523;9;13;26;12;18;6;12;12;21;19;3;17;31;45;12;32;56;57;91;80;78;80;45;26;15;33;83;29;16;23;12;3;9;69;73;17;76;406;151;160;54
201206;08020625;08;02;06;25;2;3294;1712;1582;9;24;15;54;33;16;9;33;48;72;22;129;115;149;93;86;158;172;249;273;203;212;150;132;84;164;252;177;90;55;13;3;9;126;200;129;264;1234;494;677;161
201206;08020726;08;02;07;26;2;8203;3883;4320;55;55;56;96;70;52;34;125;149;158;66;227;229;319;186;224;430;444;651;696;615;592;397;241;186;391;629;426;252;107;42;3;55;277;584;227;548;3246;1230;1632;404
201206;08020727;08;02;07;27;2;11342;5367;5975;47;97;68;162;57;94;86;170;182;196;108;405;403;405;191;312;489;524;779;985;912;644;523;302;246;610;1135;648;334;150;64;14;47;384;836;405;808;4192;1469;2639;562
201206;08020728;08;02;07;28;2;8064;3945;4119;67;93;82;160;63;47;70;148;137;148;96;223;286;467;216;259;421;410;555;620;578;505;304;228;194;377;604;372;189;113;22;10;67;398;646;223;753;3059;1037;1547;334
201206;08030829;08;03;08;29;2;12151;5585;6566;83;123;121;261;113;127;113;212;224;239;113;343;314;522;230;406;625;614;724;855;760;737;463;265;251;641;1156;834;427;172;74;9;83;618;1028;343;836;4214;1465;2882;682
201206;08030830;08;03;08;30;2;7201;3259;3942;37;62;31;118;49;48;59;80;97;77;43;137;124;292;171;201;336;339;364;456;458;433;356;263;229;470;772;568;271;179;64;17;37;260;404;137;416;2325;1052;2039;531
201206;08030831;08;03;08;31;2;16705;7851;8854;170;141;171;305;163;150;140;323;324;332;166;509;555;773;405;605;949;956;1034;1231;1077;1004;606;411;360;732;1360;920;434;257;92;50;170;780;1435;509;1328;6257;2021;3372;833
201206;08040932;08;04;09;32;2;2765;1266;1499;31;17;28;48;28;13;28;44;27;39;30;80;70;88;52;76;149;157;136;164;175;186;130;121;59;146;257;180;108;64;28;6;31;121;181;80;158;909;437;642;206
201206;08040933;08;04;09;33;2;3945;1874;2071;27;24;19;36;21;27;18;44;42;52;22;108;138;209;77;113;165;174;250;364;280;249;203;99;119;175;382;218;118;107;44;21;27;100;205;108;347;1423;551;894;290
201206;08040934;08;04;09;34;2;2586;1250;1336;16;22;20;25;16;22;24;40;51;55;27;84;99;117;79;72;146;106;177;212;231;209;160;63;68;110;162;93;57;16;7;0;16;83;219;84;216;1023;432;433;80
201206;08041035;08;04;10;35;2;7604;3770;3834;31;45;41;88;42;36;56;180;153;128;69;233;243;319;134;144;233;367;552;745;622;573;416;210;152;431;702;378;164;83;31;3;31;216;622;233;562;2797;1199;1663;281
201206;08041036;08;04;10;36;2;6827;3380;3447;27;49;45;81;47;53;56;107;104;146;77;240;248;263;100;155;322;266;477;667;595;462;350;221;208;353;547;322;164;54;18;3;27;222;543;240;511;2582;1033;1430;239
201206;08041037;08;04;10;37;2;9558;4621;4937;48;61;66;140;71;75;88;93;139;184;106;263;294;417;199;275;381;430;569;875;758;675;493;287;249;499;850;514;264;133;52;10;48;338;685;263;711;3487;1455;2112;459
201206;08041038;08;04;10;38;2;6333;3091;3242;28;19;39;64;31;37;33;117;95;117;69;234;233;238;59;139;174;287;425;665;479;456;297;225;156;318;593;358;208;102;29;9;28;153;468;234;471;2228;978;1425;348
201206;08041039;08;04;10;39;2;3561;1659;1902;34;27;54;105;48;37;63;64;95;112;52;130;110;172;91;166;245;260;282;321;259;151;97;50;21;86;130;102;76;68;41;12;34;234;423;130;282;1624;298;339;197
201206;08041040;08;04;10;40;2;8038;3816;4222;38;78;62;113;86;73;53;165;194;198;83;345;283;311;136;199;419;404;637;655;672;569;387;213;157;331;545;353;157;83;25;14;38;339;766;345;594;3122;1169;1386;279
201206;09010101;09;01;01;01;2;10851;5358;5493;151;157;131;230;118;107;120;167;157;149;64;161;162;506;423;826;1459;1099;962;959;664;433;231;117;99;202;371;302;191;73;51;9;151;636;764;161;668;6392;781;974;324
201206;09010102;09;01;01;02;2;0;0;0;0;0;0;0;0;0;0;0;0;0;0;0;0;0;0;0;0;0;0;0;0;0;0;0;0;0;0;0;0;0;0;0;0;0;0;0;0;0;0;0;0
201206;09010201;09;01;02;01;2;4157;1985;2172;67;48;73;107;53;29;43;71;63;60;18;66;58;144;119;192;399;367;359;367;272;174;78;51;53;114;243;260;132;52;22;3;67;281;284;66;202;2075;303;670;209
201206;09010202;09;01;02;02;2;6627;3135;3492;51;21;36;69;23;30;36;44;49;48;19;67;96;365;263;346;521;318;426;538;474;352;198;114;106;290;647;589;336;121;31;3;51;149;226;67;461;2886;664;1632;491
201206;09010301;09;01;03;01;2;14339;6735;7604;132;131;119;206;91;77;71;135;151;128;50;158;221;902;571;864;1318;727;908;1060;805;650;319;212;144;392;1343;1294;667;334;134;25;132;547;612;158;1123;6253;1181;3173;1160
201206;09010302;09;01;03;02;2;2894;1459;1435;9;17;21;53;25;18;30;54;62;84;39;111;88;104;42;44;107;129;239;348;274;227;103;75;44;105;236;115;53;19;19;0;9;116;287;111;192;1183;405;500;91
201206;09010401;09;01;04;01;2;7810;3619;4191;46;57;47;71;30;39;43;87;93;90;27;130;96;334;192;241;397;307;472;636;537;411;301;156;152;332;1071;793;369;174;58;21;46;205;379;130;430;2782;868;2348;622
201206;09010402;09;01;04;02;2;10509;5103;5406;105;108;121;217;105;96;105;218;156;151;82;207;238;550;284;561;838;670;884;1038;828;627;337;184;135;261;499;383;293;168;44;16;105;551;808;207;788;5103;1148;1278;521
201206;09020501;09;02;05;01;2;5554;2921;2633;86;53;52;118;39;49;56;78;71;75;48;91;142;550;319;492;587;355;383;462;329;275;124;70;49;86;167;145;102;58;34;9;86;262;377;91;692;2927;469;447;203
201206;09020502;09;02;05;02;2;13610;6661;6949;164;184;165;248;124;100;111;191;216;163;71;245;311;949;658;977;1486;848;970;1106;868;633;329;162;151;283;668;619;358;162;71;19;164;721;852;245;1260;6913;1124;1721;610
201206;09020601;09;02;06;01;2;7020;3647;3373;100;68;56;125;42;45;51;101;79;76;29;109;159;574;357;550;754;465;487;487;418;313;171;100;67;137;389;385;186;94;33;13;100;291;381;109;733;3518;584;978;326
201206;09020602;09;02;06;02;2;3429;1624;1805;9;19;33;50;18;34;36;47;45;43;17;75;51;121;64;79;196;149;210;281;253;240;161;80;72;169;353;322;148;35;19;0;9;120;222;75;172;1232;481;916;202
201206;09020701;09;02;07;01;2;244;180;64;0;0;0;6;0;0;0;0;0;0;0;0;3;6;3;9;27;12;14;15;30;35;19;9;12;9;13;16;6;0;0;0;0;6;0;0;9;110;63;50;6
201206;09020702;09;02;07;02;2;15142;7430;7712;135;130;144;275;98;118;109;186;187;161;94;239;295;918;519;847;1204;921;1097;1281;1113;872;445;271;208;491;1045;893;523;235;72;16;135;647;855;239;1213;6982;1588;2637;846
201206;09020801;09;02;08;01;2;2763;1339;1424;27;25;44;45;17;22;18;31;30;28;12;41;49;139;87;136;227;183;198;257;221;203;97;66;41;80;130;151;88;46;21;3;27;131;141;41;188;1309;366;402;158
201206;09020802;09;02;08;02;2;7080;3509;3571;79;95;95;169;85;78;75;125;122;128;41;125;131;439;301;466;625;386;465;566;490;369;179;84;76;197;546;323;130;66;18;6;79;444;569;125;570;3299;632;1142;220
201206;09030901;09;03;09;01;2;12035;5996;6039;107;105;117;256;107;94;97;185;231;195;98;345;311;513;209;387;741;699;1016;1374;1120;818;476;254;170;426;713;426;283;99;48;15;107;585;900;345;824;5546;1548;1735;445
201206;09030902;09;03;09;02;2;5721;2762;2959;39;64;64;115;58;60;66;119;122;106;67;168;173;401;173;249;314;273;448;570;516;393;198;80;81;123;251;185;128;82;32;3;39;301;540;168;574;2543;671;640;245
201206;09030903;09;03;09;03;2;7792;3906;3886;85;92;77;173;88;88;77;190;140;210;91;259;250;416;217;316;593;554;661;861;574;427;229;132;100;165;375;219;91;36;6;0;85;430;796;259;666;3776;788;859;133
201206;09031001;09;03;10;01;2;11906;5851;6055;79;86;98;200;100;67;99;175;194;214;98;325;300;477;224;312;612;630;950;1298;1089;857;469;270;201;502;889;524;289;169;88;21;79;484;847;325;777;5115;1596;2116;567
201206;09031101;09;03;11;01;2;5398;2611;2787;38;40;33;67;52;28;40;55;74;65;26;116;76;161;104;151;333;280;433;504;396;377;200;124;89;199;551;443;216;85;36;6;38;192;288;116;237;2201;701;1282;343
201206;09031201;09;03;12;01;2;1760;867;893;15;6;12;24;16;9;13;26;28;18;9;37;25;57;23;36;75;81;150;165;139;140;86;44;41;121;165;107;39;34;16;3;15;58;103;37;82;669;270;434;92
201206;09031202;09;03;12;02;2;2302;1140;1162;19;19;28;29;9;18;12;37;40;45;31;58;46;68;28;45;101;98;186;270;230;186;121;69;38;84;191;102;64;15;12;3;19;85;183;58;114;958;376;415;94
201206;09041301;09;04;13;01;2;13826;6601;7225;61;84;75;149;86;61;73;146;171;149;96;239;228;522;243;396;611;569;795;1190;1106;1111;683;348;250;659;1711;1031;512;281;141;49;61;394;696;239;750;4910;2142;3651;983
201206;09041302;09;04;13;02;2;1793;877;916;31;12;18;36;9;15;15;25;30;15;14;36;37;61;25;28;103;109;123;203;179;142;77;39;36;77;143;82;46;15;9;3;31;75;114;36;98;770;258;338;73
201206;09041401;09;04;14;01;2;4605;2054;2551;21;30;24;47;23;28;29;51;72;51;26;67;81;136;68;97;177;155;248;246;221;241;220;162;186;413;657;377;235;129;63;24;21;124;257;67;217;1212;623;1633;451
201206;09041402;09;04;14;02;2;1501;736;765;12;12;15;36;10;6;9;28;16;26;3;29;33;59;40;64;99;74;100;114;143;104;74;24;34;56;115;82;63;21;0;0;12;73;88;29;92;634;202;287;84
201206;09041501;09;04;15;01;2;6869;3313;3556;98;95;79;165;65;70;84;117;127;111;55;133;113;493;262;407;690;436;476;598;535;403;209;100;61;147;273;203;139;75;43;7;98;404;564;133;606;3404;712;684;264
201206;09041601;09;04;16;01;2;6506;3293;3213;48;41;43;92;42;47;44;86;106;98;50;169;129;250;81;140;282;311;509;786;652;535;341;153;140;278;505;297;153;70;28;0;48;218;431;169;379;2761;1029;1220;251
201206;09051701;09;05;17;01;2;3497;1608;1889;21;15;28;42;21;31;27;34;31;46;28;60;50;120;52;94;162;178;209;312;254;185;138;63;61;157;350;365;249;74;31;9;21;106;197;60;170;1261;386;933;363
201206;09051702;09;05;17;02;2;13981;6454;7527;103;135;120;270;118;85;114;255;240;189;89;240;180;411;206;363;769;819;1101;1316;1005;787;434;234;209;573;1509;1051;565;299;133;59;103;643;972;240;591;5579;1455;3342;1056
201206;09051801;09;05;18;01;2;8964;4433;4531;64;66;55;152;88;59;87;145;153;142;83;209;175;251;130;170;379;463;687;992;818;689;383;233;176;387;716;479;302;155;61;15;64;361;669;209;426;3639;1305;1758;533
201206;09051901;09;05;19;01;2;9424;4520;4904;106;93;94;171;73;55;68;115;123;118;50;157;135;542;356;483;816;551;642;727;677;534;326;155;147;331;616;497;369;204;71;22;106;431;529;157;677;4252;1015;1591;666
201206;09052001;09;05;20;01;2;12291;5781;6510;68;77;87;175;86;86;82;155;174;180;50;192;180;464;234;405;634;573;848;1009;960;793;460;230;211;502;1241;1117;619;271;103;25;68;425;727;192;644;4663;1483;3071;1018
201206;10010101;10;01;01;01;2;5510;2746;2764;69;73;63;165;73;55;65;96;92;95;37;96;146;385;225;353;440;309;337;510;553;474;232;76;56;80;145;112;67;25;6;0;69;374;440;96;531;2727;782;393;98
201206;10010102;10;01;01;02;2;17148;8648;8500;180;211;258;414;211;206;213;365;336;311;176;464;448;1036;694;949;1305;967;937;1375;1843;1439;568;298;189;329;601;406;238;129;46;6;180;1094;1607;464;1484;8070;2305;1525;419
201206;10010203;10;01;02;03;2;627;414;213;18;16;6;14;3;6;0;9;10;3;6;9;39;72;29;57;68;42;54;51;40;47;0;7;6;6;3;6;0;0;0;0;18;39;34;9;111;341;54;21;0
201206;10010204;10;01;02;04;2;10023;4953;5070;114;114;127;220;96;111;113;184;191;154;92;221;263;486;321;594;905;525;503;597;820;1122;584;213;159;274;375;239;178;85;40;3;114;557;845;221;749;4265;1919;1047;306
201206;10010205;10;01;02;05;2;7824;3960;3864;77;91;88;178;73;74;71;125;131;112;42;140;174;632;344;488;678;380;429;528;801;749;382;164;99;198;261;171;97;41;6;0;77;430;555;140;806;3648;1295;729;144
201206;10010206;10;01;02;06;2;16214;8011;8203;155;143;163;282;127;116;121;236;181;192;67;274;336;952;485;811;1238;770;791;880;1305;1779;1060;467;338;595;962;700;358;230;74;26;155;715;913;274;1288;6280;3306;2595;688
201206;10010207;10;01;02;07;2;10506;5119;5387;79;76;104;234;101;95;80;197;181;147;76;205;221;545;293;427;731;546;523;586;759;1192;741;375;234;389;618;355;243;118;29;6;79;515;776;205;766;3865;2308;1596;396
201206;10010308;10;01;03;08;2;1670;860;810;7;18;10;15;18;3;0;21;24;12;9;35;29;79;50;71;77;84;103;156;133;181;77;51;40;67;130;96;48;26;0;0;7;61;69;35;108;674;309;333;74
201206;10010309;10;01;03;09;2;14324;6863;7461;108;110;138;207;151;92;113;194;208;176;67;212;275;764;457;635;1009;685;651;807;976;1285;880;503;353;693;1127;667;495;179;78;29;108;606;850;212;1039;5220;2668;2840;781
201206;10010310;10;01;03;10;2;17176;8429;8747;147;148;125;328;145;133;128;239;249;207;103;294;309;841;464;698;1163;828;810;1074;1349;1803;1271;662;452;841;1206;657;305;149;42;6;147;746;1059;294;1150;6386;3736;3156;502
201206;10010311;10;01;03;11;2;2941;1309;1632;23;41;39;58;35;30;15;37;43;46;10;54;59;110;79;152;269;172;175;244;214;167;94;45;38;73;163;168;158;91;27;12;23;173;181;54;169;1305;306;442;288
201206;10020412;10;02;04;12;2;6220;2971;3249;104;132;118;213;84;77;92;135;133;138;73;169;235;545;252;361;444;311;380;572;509;323;157;72;52;73;196;139;100;19;9;3;104;547;648;169;780;2829;552;460;131
201206;10020413;10;02;04;13;2;14500;6976;7524;159;175;163;335;120;119;103;190;194;175;74;267;418;1311;699;929;1104;624;811;1394;1461;1051;481;222;146;320;545;432;273;126;57;22;159;793;855;267;1729;7022;1754;1443;478
201206;10020414;10;02;04;14;2;1689;815;874;21;16;18;40;18;26;17;38;30;30;29;55;47;150;60;101;142;120;108;125;124;90;37;27;15;29;54;60;47;15;0;0;21;92;170;55;197;780;154;158;62
201206;10020415;10;02;04;15;2;5185;2598;2587;62;88;58;109;65;42;59;135;106;105;41;95;188;449;220;265;409;294;329;522;466;316;179;44;56;68;175;130;74;32;4;0;62;320;488;95;637;2505;539;429;110
201206;10020416;10;02;04;16;2;5197;2607;2590;82;98;82;157;51;45;47;111;95;90;38;103;184;548;297;357;439;306;326;481;461;269;98;47;35;71;113;86;58;16;6;0;82;388;426;103;732;2667;414;305;80
201206;10020517;10;02;05;17;2;8794;4220;4574;90;81;90;156;58;60;73;94;78;87;54;151;221;695;352;473;566;308;558;1120;988;640;325;147;112;224;434;305;160;72;16;6;90;385;446;151;916;4365;1112;1075;254
201206;10020518;10;02;05;18;2;4905;2457;2448;64;74;55;111;57;59;72;95;88;103;49;128;149;466;205;311;381;228;360;513;462;241;106;39;45;73;122;134;90;22;3;0;64;297;466;128;615;2460;386;374;115
201206;10020519;10;02;05;19;2;4749;2426;2323;59;77;72;148;74;50;68;99;83;94;29;98;189;452;244;295;385;229;269;404;387;286;126;49;33;93;164;97;56;31;9;0;59;371;423;98;641;2213;461;387;96
201206;10020620;10;02;06;20;2;3228;1614;1614;41;38;36;67;15;9;9;40;27;24;9;42;71;304;182;238;270;136;191;303;334;304;139;51;30;53;104;88;42;28;3;0;41;156;118;42;375;1654;494;275;73
201206;10020621;10;02;06;21;2;5795;2889;2906;71;70;74;126;55;72;54;118;98;93;37;127;218;723;354;421;457;223;320;563;498;303;132;67;42;92;166;134;55;26;6;0;71;325;472;127;941;2836;502;434;87
201206;10020622;10;02;06;22;2;8653;3948;4705;70;86;87;132;84;75;62;102;127;101;51;125;170;556;353;426;549;417;418;564;764;833;452;249;177;289;500;333;245;146;83;27;70;389;518;125;726;3491;1534;1299;501
201206;10020623;10;02;06;23;2;6582;3103;3479;41;53;59;84;57;49;49;76;78;85;38;104;131;388;175;248;378;247;344;691;843;549;247;123;145;211;439;306;196;102;34;12;41;253;375;104;519;2926;919;1101;344
201206;10030724;10;03;07;24;2;7833;3845;3988;44;52;31;104;37;39;57;70;82;102;33;115;196;602;276;267;401;355;441;742;737;721;405;213;175;309;564;305;201;102;37;18;44;224;383;115;798;3219;1339;1353;358
201206;10030725;10;03;07;25;2;5816;2970;2846;37;46;41;67;52;35;30;76;65;72;37;111;120;300;189;253;419;302;342;444;532;555;310;144;101;217;358;272;172;60;43;14;37;206;315;111;420;2481;1009;948;289
201206;10030726;10;03;07;26;2;2648;1271;1377;24;24;16;36;16;21;24;41;42;34;15;55;45;76;38;72;146;136;211;261;265;219;98;56;53;85;167;142;122;57;48;3;24;92;177;55;121;1129;373;447;230
201206;10030727;10;03;07;27;2;8852;4414;4438;67;58;67;158;78;69;97;134;123;132;67;215;176;388;140;203;399;525;688;1091;931;813;414;197;150;327;546;295;170;82;37;15;67;361;622;215;564;3977;1424;1318;304
201206;10040828;10;04;08;28;2;7728;3849;3879;62;51;66;144;64;58;61;104;149;125;60;185;197;405;176;267;430;360;542;942;923;703;307;161;111;266;389;228;103;62;21;6;62;325;557;185;602;3640;1171;994;192
201206;10040829;10;04;08;29;2;3520;1703;1817;33;27;18;47;27;28;24;59;55;62;33;81;71;149;74;110;202;180;297;410;329;238;154;85;76;120;227;164;98;33;9;0;33;119;261;81;220;1602;477;587;140
201206;10040830;10;04;08;30;2;7454;3707;3747;51;37;50;125;55;63;65;106;120;133;53;180;130;329;123;176;342;369;601;810;810;702;376;179;124;301;511;296;147;63;21;6;51;267;540;180;459;3231;1257;1232;237
201206;10040931;10;04;09;31;2;8869;4471;4398;37;58;59;121;66;55;54;148;113;138;74;237;206;417;170;200;403;455;660;1175;1068;772;407;190;143;301;520;305;179;91;40;7;37;304;582;237;623;4131;1369;1269;317
201206;10040932;10;04;09;32;2;3861;1890;1971;16;24;33;69;10;25;21;51;70;63;32;83;81;177;73;132;204;175;275;417;451;331;186;95;76;150;269;153;58;43;18;0;16;136;262;83;258;1727;612;648;119
201206;10040933;10;04;09;33;2;14256;7099;7157;89;78;90;213;121;100;112;227;231;235;133;364;307;634;231;284;654;691;1196;1711;1549;1241;660;330;234;591;951;544;288;113;44;10;89;502;1038;364;941;6316;2231;2320;455
201206;11010101;11;01;01;01;2;486;261;225;0;9;3;7;3;3;3;13;6;6;7;13;13;16;6;6;24;25;35;64;58;34;33;13;6;28;10;26;6;7;3;0;0;22;38;13;29;218;80;70;16
201206;11010102;11;01;01;02;2;2444;1249;1195;12;13;13;38;32;18;21;41;35;31;14;54;45;128;46;78;99;117;164;338;349;248;115;34;33;74;136;54;40;12;12;0;12;96;160;54;173;1191;397;297;64
201206;11010103;11;01;01;03;2;1262;642;620;4;12;9;19;12;9;6;32;16;22;18;29;37;77;21;37;64;80;117;177;163;111;55;16;15;18;27;31;22;6;0;0;4;52;103;29;114;659;182;91;28
201206;11010204;11;01;02;04;2;8500;4239;4261;112;115;103;206;107;93;84;164;149;151;69;226;217;710;342;489;613;437;497;877;895;623;256;127;91;172;265;184;84;30;12;0;112;531;710;226;927;4150;1006;712;126
201206;11010205;11;01;02;05;2;6617;3318;3299;65;75;99;127;69;69;62;135;110;107;36;100;174;504;299;354;457;334;396;639;714;559;224;119;71;164;261;171;83;34;6;0;65;370;519;100;678;3193;902;667;123
201206;11010206;11;01;02;06;2;5814;2758;3056;51;60;63;97;51;49;36;105;82;89;46;119;127;335;233;273;352;239;335;549;699;529;261;108;97;144;291;192;123;54;25;0;51;271;407;119;462;2680;898;724;202
201206;11010207;11;01;02;07;2;6559;3012;3547;81;60;75;142;70;35;68;109;97;87;49;132;154;515;303;426;490;308;305;563;667;483;197;94;93;142;262;201;190;94;46;21;81;347;445;132;669;3062;774;698;351
201206;11010308;11;01;03;08;2;11118;5503;5615;88;124;109;191;126;119;91;179;142;133;59;209;228;631;389;603;685;518;523;845;1353;1143;540;262;167;334;556;414;203;97;43;14;88;550;723;209;859;4916;1945;1471;357
201206;11010309;11;01;03;09;2;9492;4806;4686;86;86;111;219;116;95;103;169;168;192;74;216;263;546;344;515;726;462;606;801;966;806;356;178;136;253;340;296;186;56;18;3;86;532;801;216;809;4420;1340;1025;263
201206;11010310;11;01;03;10;2;5267;2621;2646;45;51;46;92;24;35;41;75;59;37;9;80;81;302;196;274;390;214;214;346;603;662;331;149;111;178;301;172;108;31;10;0;45;213;256;80;383;2237;1142;762;149
201206;11020411;11;02;04;11;2;7391;3666;3725;85;68;56;114;55;43;42;101;107;87;48;157;143;406;188;303;411;398;467;676;785;601;354;179;159;319;515;289;152;67;16;0;85;293;428;157;549;3228;1134;1282;235
201206;11020412;11;02;04;12;2;6081;2861;3220;68;54;63;148;45;62;45;82;87;76;38;121;132;266;148;247;448;356;325;421;449;511;342;156;120;214;353;335;180;96;73;20;68;310;390;121;398;2394;1009;1022;369
201206;11020513;11;02;05;13;2;3448;1665;1783;36;31;35;66;40;33;25;57;42;56;22;70;70;141;96;94;233;202;269;346;293;233;144;92;72;129;202;124;91;62;24;18;36;172;235;70;211;1533;469;527;195
201206;11020514;11;02;05;14;2;8061;3883;4178;77;61;94;140;52;56;68;124;102;84;33;139;160;548;351;544;795;555;640;673;562;425;237;137;114;218;376;336;252;68;40;0;77;347;467;139;708;4120;799;1044;360
201206;11020515;11;02;05;15;2;14139;6763;7376;147;145;133;265;112;129;105;224;210;221;108;255;290;755;466;641;1034;830;851;961;881;997;823;444;349;638;992;571;344;145;58;15;147;655;997;255;1045;5664;2264;2550;562
201206;11020516;11;02;05;16;2;3734;1838;1896;37;39;34;50;32;36;23;63;57;42;26;61;49;163;64;167;298;250;265;319;380;314;167;84;53;124;208;168;106;43;9;3;37;155;247;61;212;1743;565;553;161
201206;11030617;11;03;06;17;2;5998;2861;3137;49;57;70;107;55;42;40;72;65;54;27;92;137;403;237;334;387;264;354;341;312;280;193;178;168;370;629;353;172;83;57;16;49;289;300;92;540;2229;651;1520;328
201206;11030618;11;03;06;18;2;15507;7417;8090;127;118;113;232;101;85;92;198;169;187;67;248;345;1066;664;813;1042;738;858;970;970;823;645;448;347;800;1485;963;527;209;51;6;127;564;798;248;1411;6055;1916;3595;793
201206;11030619;11;03;06;19;2;10217;4917;5300;82;96;111;153;91;79;84;127;127;118;56;185;248;711;396;537;695;519;572;663;596;523;320;253;255;573;910;581;303;164;59;30;82;451;591;185;959;3978;1096;2319;556
201206;11030720;11;03;07;20;2;3568;2100;1468;46;41;39;49;25;15;30;39;26;36;18;46;162;439;199;248;343;208;239;330;246;207;75;42;28;50;70;75;99;59;30;9;46;154;164;46;601;1813;324;223;197
201206;11030721;11;03;07;21;2;20450;10132;10318;251;203;225;353;149;148;130;245;186;161;74;302;350;1394;1042;1897;2540;1411;1363;1515;1265;1036;552;271;239;470;959;757;497;276;145;44;251;930;944;302;1744;11033;1859;2425;962
201206;11030824;11;03;08;24;2;9661;4728;4933;84;93;86;156;87;77;64;127;158;150;73;227;275;703;380;558;713;504;602;682;653;466;298;220;175;462;795;501;205;72;15;0;84;422;649;227;978;4092;984;1933;292
201206;11040925;11;04;09;25;2;3332;1743;1589;62;55;45;102;42;31;40;80;67;37;21;56;77;187;156;298;627;410;306;266;154;85;37;3;9;27;31;12;9;0;0;0;62;244;276;56;264;2217;125;79;9
201206;11040926;11;04;09;26;2;26034;13066;12968;280;284;276;471;175;160;190;300;249;264;113;322;448;2125;1597;2295;3305;1806;1680;1707;1587;1399;875;396;354;618;1097;845;488;224;85;19;280;1206;1276;322;2573;13977;2670;2914;816
201206;11041022;11;04;10;22;2;4934;2484;2450;44;38;16;46;21;30;32;52;38;38;12;55;126;381;219;285;352;253;280;312;290;265;139;72;55;209;572;396;194;81;21;10;44;121;202;55;507;1991;476;1232;306
201206;11041023;11;04;10;23;2;5789;2817;2972;59;63;71;122;54;58;37;102;97;78;33;145;152;420;201;318;431;306;318;391;338;415;263;146;84;218;339;224;160;85;49;12;59;310;405;145;572;2303;824;865;306
201206;11041027;11;04;10;27;2;2605;1275;1330;25;18;25;36;25;16;18;30;57;38;15;37;49;193;88;158;204;114;160;178;196;212;118;58;45;66;144;98;80;61;31;12;25;104;174;37;242;1098;388;353;184
201206;11041128;11;04;11;28;2;24110;11257;12853;175;207;159;340;172;148;136;295;261;297;142;346;473;1439;753;1025;1427;1008;1200;1502;1367;1367;828;621;486;1253;2754;2035;1192;478;179;45;175;878;1279;346;1912;8282;2816;6528;1894
201206;11051229;11;05;12;29;2;3263;1680;1583;70;78;58;124;46;40;41;63;54;37;15;30;42;91;86;174;399;332;340;242;189;171;73;47;28;82;125;89;61;26;6;4;70;306;250;30;133;1762;291;324;97
201206;11051330;11;05;13;30;2;7797;3767;4030;85;84;84;154;53;79;71;106;106;105;58;96;176;645;371;528;829;557;599;664;516;426;212;80;88;202;300;213;175;94;32;9;85;375;525;96;821;4064;718;803;310
201206;11051331;11;05;13;31;2;9188;4372;4816;89;84;83;186;74;91;110;186;165;133;64;194;145;400;225;311;602;580;737;846;741;633;314;164;129;311;706;420;235;157;70;3;89;427;749;194;545;4042;1111;1566;465
201206;11051332;11;05;13;32;2;5600;2726;2874;69;83;129;160;89;81;81;116;111;103;62;114;89;146;96;198;490;459;565;574;403;272;158;110;55;141;214;169;155;78;18;12;69;461;554;114;235;2785;540;579;263
201206;12103115;12;10;31;15;2;7314;3571;3743;88;65;111;115;58;63;49;94;84;126;54;179;183;405;260;369;526;459;509;605;583;456;300;145;109;206;416;317;218;117;35;10;88;349;470;179;588;3311;901;1048;380
201206;12103116;12;10;31;16;2;8893;4448;4445;87;114;85;181;108;76;77;169;154;153;111;236;299;603;317;427;681;561;655;809;651;500;286;149;148;244;384;279;195;99;43;12;87;488;740;236;902;4101;935;1055;349
201206;12103117;12;10;31;17;2;9447;4766;4681;111;123;101;190;92;83;70;171;193;129;68;227;302;629;310;440;729;640;661;814;698;576;348;197;147;285;493;337;141;101;38;3;111;506;714;227;931;4292;1121;1262;283
201206;12103218;12;10;32;18;2;12643;5980;6663;139;139;90;252;107;90;111;210;199;227;95;344;439;742;374;535;817;698;869;1083;920;764;396;304;219;421;750;586;343;220;120;40;139;588;932;344;1181;5296;1464;1976;723
201206;12103219;12;10;32;19;2;8304;3889;4415;70;92;74;141;67;69;46;119;107;106;57;183;210;461;294;396;558;422;508;659;607;491;339;184;162;300;514;426;295;196;104;47;70;374;504;183;671;3444;1014;1402;642
201206;12103220;12;10;32;20;2;4559;2156;2403;22;41;39;71;22;21;26;38;47;75;28;89;119;224;138;211;312;214;324;389;363;305;192;110;74;184;371;251;145;89;19;6;22;173;235;89;343;1951;607;880;259
201206;12214125;12;21;41;25;2;7011;3853;3158;37;62;53;79;43;45;45;66;83;118;57;192;211;314;191;245;422;449;582;722;577;479;330;224;133;292;439;273;133;79;36;0;37;237;414;192;525;3188;1033;1137;248
201206;12214126;12;21;41;26;2;7537;3522;4015;63;79;50;126;82;67;68;107;121;120;56;231;191;320;201;300;438;430;530;617;585;461;313;181;187;307;568;328;219;133;44;14;63;337;539;231;511;3101;955;1390;410
201206;12214421;12;21;44;21;2;2430;1193;1237;25;29;10;58;26;14;17;29;28;43;15;41;54;131;77;132;174;160;180;194;209;133;95;79;30;59;146;113;82;35;9;3;25;123;146;41;185;1126;307;348;129
201206;12214422;12;21;44;22;2;7389;3710;3679;58;82;70;188;69;60;93;171;170;127;64;220;279;466;218;377;493;512;501;623;490;393;252;125;119;244;448;235;109;88;38;7;58;409;685;220;745;3214;770;1046;242
201206;12214423;12;21;44;23;2;5486;2649;2837;40;34;59;61;45;40;27;87;76;75;47;90;151;328;143;210;296;276;324;404;406;349;240;171;111;292;485;354;179;53;27;6;40;199;352;90;479;2059;760;1242;265
201206;12214424;12;21;44;24;2;9687;4838;4849;114;92;86;153;103;87;89;129;123;149;81;268;294;620;364;487;710;572;706;833;796;573;369;192;185;294;520;366;185;107;27;13;114;434;658;268;914;4468;1134;1365;332
201206;12214527;12;21;45;27;2;10009;4608;5401;80;59;59;107;48;68;52;132;109;140;65;212;238;380;239;357;596;577;677;833;747;657;447;262;255;519;796;547;369;224;117;41;80;273;566;212;618;4026;1366;2117;751
201206;12214528;12;21;45;28;2;207;125;82;3;3;0;3;0;0;0;0;4;3;3;3;9;27;15;9;15;16;15;19;13;14;3;0;0;18;9;3;0;0;0;0;3;6;10;3;36;102;17;30;0
201206;12224229;12;22;42;29;2;5950;2900;3050;32;35;40;86;56;43;47;95;115;115;76;181;168;164;72;92;206;234;402;558;494;441;308;207;167;382;550;312;164;72;25;11;32;217;491;181;332;2058;956;1411;272
201206;12224230;12;22;42;30;2;17619;8608;9011;78;121;113;248;148;115;149;313;352;352;182;546;538;590;238;307;581;754;1213;1735;1591;1429;981;561;422;902;1399;868;403;242;132;16;78;630;1463;546;1128;6419;2971;3591;793
201206;12231101;12;23;11;01;2;16112;7719;8393;92;98;100;245;135;130;120;281;278;338;163;487;436;502;198;282;567;689;1087;1483;1318;1135;859;544;431;953;1393;886;489;247;124;22;92;578;1310;487;938;5624;2538;3663;882
201206;12231102;12;23;11;02;2;16574;7961;8613;112;117;119;277;147;158;168;341;375;373;164;538;430;444;157;229;486;720;1200;1551;1270;1126;730;509;439;964;1427;953;509;354;155;32;112;660;1579;538;874;5613;2365;3783;1050
201206;12301203;12;30;12;03;2;13448;6801;6647;63;88;74;186;69;66;75;161;182;176;96;330;348;630;311;454;757;666;898;1185;1067;958;538;355;334;643;1123;773;405;274;129;34;63;417;756;330;978;5338;1851;2873;842
201206;12301204;12;30;12;04;2;6130;2916;3214;58;57;33;83;52;58;45;99;113;156;67;252;233;217;89;139;221;250;453;590;532;420;279;159;149;299;450;253;176;90;38;20;58;225;538;252;450;2274;858;1151;324
201206;12301205;12;30;12;05;2;4779;2290;2489;25;33;25;72;56;36;37;77;106;81;60;114;156;185;86;125;209;242;356;422;380;360;228;138;115;221;359;189;134;123;25;4;25;186;397;114;341;1820;726;884;286
201206;12301206;12;30;12;06;2;4834;2380;2454;21;24;37;82;44;35;29;78;95;97;29;179;155;162;72;69;150;239;366;443;420;413;255;131;125;240;430;219;116;52;21;6;21;187;363;179;317;1759;799;1014;195
201206;12302107;12;30;21;07;2;2900;1390;1510;9;21;15;33;24;18;37;50;40;62;39;89;123;122;43;69;101;114;201;264;239;202;150;108;68;150;262;136;74;31;3;3;9;93;246;89;245;1031;460;616;111
201206;12302108;12;30;21;08;2;13296;6237;7059;97;161;169;320;169;151;168;318;332;327;152;471;449;514;270;358;695;679;805;854;793;733;547;372;287;622;1064;707;398;190;87;37;97;819;1448;471;963;4454;1652;2680;712
201206;12302109;12;30;21;09;2;10014;4839;5175;118;132;145;294;130;132;116;250;244;246;120;396;335;503;239;374;586;596;657;630;598;531;330;262;199;372;608;445;231;138;51;6;118;701;1108;396;838;3680;1123;1624;426
201206;12302110;12;30;21;10;2;9207;4417;4790;113;100;128;270;126;141;141;242;238;266;107;397;344;463;229;305;557;514;589;659;602;492;311;174;139;349;579;350;172;73;34;3;113;624;1135;397;807;3455;977;1417;282
201206;12302211;12;30;22;11;2;3143;1498;1645;17;17;13;30;9;20;18;37;38;31;21;77;113;146;57;87;120;102;177;296;256;198;172;95;80;199;335;215;118;31;18;0;17;69;165;77;259;1095;465;829;167
201206;12302212;12;30;22;12;2;5051;2467;2584;35;49;56;107;56;54;57;137;114;124;52;209;172;267;125;165;265;272;339;372;353;282;164;107;92;228;374;242;110;30;32;10;35;268;538;209;439;1891;553;936;182
201206;12304313;12;30;43;13;2;6407;3194;3213;44;33;50;61;31;18;46;80;77;86;48;127;169;340;195;274;391;373;487;682;557;413;285;160;98;256;458;281;176;78;30;3;44;175;355;127;509;2959;858;1093;287
201206;12304314;12;30;43;14;2;9567;4417;5150;45;66;70;130;51;37;51;116;128;143;80;241;222;361;212;316;456;417;680;896;736;642;404;301;233;517;829;516;324;210;116;21;45;317;555;241;583;3713;1347;2095;671
